lineup_id,level_id,stage_index,game_index,seed_hex,time_s,event,source_unit_id,delta,total_coins
A_siege_nub,level_1_1,1,1,0x070D1B80,0,Start,,0,45
A_siege_nub,level_1_1,1,1,0x070D1B80,2.6,Drop,zu,1,46
A_siege_nub,level_1_1,1,1,0x070D1B80,7.033334,Drop,zu,1,47
A_siege_nub,level_1_1,1,1,0x070D1B80,12.400001,Drop,zu,1,48
A_siege_nub,level_1_1,1,1,0x070D1B80,17.433334,Drop,e_liu,1,49
A_siege_nub,level_1_1,1,1,0x070D1B80,21.400001,Drop,zu,1,50
A_siege_nub,level_1_1,1,1,0x070D1B80,27.400001,Drop,e_liu,1,51
A_siege_nub,level_1_1,1,1,0x070D1B80,31.400002,Drop,zu,1,52
A_siege_nub,level_1_1,1,1,0x070D1B80,37.633335,Drop,e_liu,1,53
A_siege_nub,level_1_1,1,1,0x070D1B80,40.700002,Drop,zu,1,54
A_siege_nub,level_1_1,1,1,0x070D1B80,46.700002,Drop,zqi,1,55
A_siege_nub,level_1_1,1,1,0x070D1B80,50.866669,Drop,e_liu,1,56
A_siege_nub,level_1_1,1,1,0x070D1B80,55.700003,Drop,zu,1,57
A_siege_nub,level_1_1,1,1,0x070D1B80,60.400003,Drop,zu,1,58
A_siege_nub,level_1_1,1,1,0x070D1B80,64.800003,Drop,e_liu,1,59
A_siege_nub,level_1_1,1,1,0x070D1B80,74.333337,Drop,zu,1,60
A_siege_nub,level_1_1,1,1,0x070D1B80,80.933338,Drop,e_liu,1,61
A_siege_nub,level_1_1,1,1,0x070D1B80,84.500004,Drop,zqi,1,62
A_siege_nub,level_1_1,1,1,0x070D1B80,329.633351,End,,0,62
A_siege_nub,level_1_1,1,2,0x2BD47E7E,0,Start,,0,45
A_siege_nub,level_1_1,1,2,0x2BD47E7E,2.633333,Drop,zu,1,46
A_siege_nub,level_1_1,1,2,0x2BD47E7E,7.066667,Drop,zu,1,47
A_siege_nub,level_1_1,1,2,0x2BD47E7E,11.866667,Drop,zu,1,48
A_siege_nub,level_1_1,1,2,0x2BD47E7E,17.466668,Drop,e_liu,1,49
A_siege_nub,level_1_1,1,2,0x2BD47E7E,21.433334,Drop,zu,1,50
A_siege_nub,level_1_1,1,2,0x2BD47E7E,27.033335,Drop,e_liu,1,51
A_siege_nub,level_1_1,1,2,0x2BD47E7E,31.133335,Drop,zu,1,52
A_siege_nub,level_1_1,1,2,0x2BD47E7E,36.833335,Drop,e_liu,1,53
A_siege_nub,level_1_1,1,2,0x2BD47E7E,41.400002,Drop,zu,1,54
A_siege_nub,level_1_1,1,2,0x2BD47E7E,47.266669,Drop,zqi,1,55
A_siege_nub,level_1_1,1,2,0x2BD47E7E,51.133336,Drop,e_liu,1,56
A_siege_nub,level_1_1,1,2,0x2BD47E7E,54.833336,Drop,zu,1,57
A_siege_nub,level_1_1,1,2,0x2BD47E7E,59.900003,Drop,zu,1,58
A_siege_nub,level_1_1,1,2,0x2BD47E7E,65.900003,Drop,e_liu,1,59
A_siege_nub,level_1_1,1,2,0x2BD47E7E,70.900004,Drop,zqi,1,60
A_siege_nub,level_1_1,1,2,0x2BD47E7E,74.533337,Drop,zu,1,61
A_siege_nub,level_1_1,1,2,0x2BD47E7E,80.900004,Drop,e_liu,1,62
A_siege_nub,level_1_1,1,2,0x2BD47E7E,97.833338,Drop,zqi,1,63
A_siege_nub,level_1_1,1,2,0x2BD47E7E,156.700008,End,,0,63
A_siege_nub,level_1_1,1,3,0x27666213,0,Start,,0,45
A_siege_nub,level_1_1,1,3,0x27666213,2.666667,Drop,zu,1,46
A_siege_nub,level_1_1,1,3,0x27666213,7.1,Drop,zu,1,47
A_siege_nub,level_1_1,1,3,0x27666213,11.900001,Drop,zu,1,48
A_siege_nub,level_1_1,1,3,0x27666213,17.533334,Drop,e_liu,1,49
A_siege_nub,level_1_1,1,3,0x27666213,21.233334,Drop,zu,1,50
A_siege_nub,level_1_1,1,3,0x27666213,27.033335,Drop,e_liu,1,51
A_siege_nub,level_1_1,1,3,0x27666213,31.533335,Drop,zu,1,52
A_siege_nub,level_1_1,1,3,0x27666213,37.033335,Drop,e_liu,1,53
A_siege_nub,level_1_1,1,3,0x27666213,40.533335,Drop,zu,1,54
A_siege_nub,level_1_1,1,3,0x27666213,47.033336,Drop,zqi,1,55
A_siege_nub,level_1_1,1,3,0x27666213,51.033336,Drop,e_liu,1,56
A_siege_nub,level_1_1,1,3,0x27666213,55.533336,Drop,zu,1,57
A_siege_nub,level_1_1,1,3,0x27666213,60.033336,Drop,zu,1,58
A_siege_nub,level_1_1,1,3,0x27666213,66.033337,Drop,e_liu,1,59
A_siege_nub,level_1_1,1,3,0x27666213,71.033337,Drop,zqi,1,60
A_siege_nub,level_1_1,1,3,0x27666213,74.033337,Drop,zu,1,61
A_siege_nub,level_1_1,1,3,0x27666213,80.033338,Drop,e_liu,1,62
A_siege_nub,level_1_1,1,3,0x27666213,85.033338,Drop,zqi,1,63
A_siege_nub,level_1_1,1,3,0x27666213,90.533338,Drop,e_lang,3,66
A_siege_nub,level_1_1,1,3,0x27666213,105.400005,Drop,e_lang,3,69
A_siege_nub,level_1_1,1,3,0x27666213,113.400006,Drop,bld_cheng,20,89
A_siege_nub,level_1_1,1,3,0x27666213,113.400006,End,,0,89
A_siege_nub,level_1_1,1,4,0x8FAA87A1,0,Start,,0,45
A_siege_nub,level_1_1,1,4,0x8FAA87A1,2.7,Drop,zu,1,46
A_siege_nub,level_1_1,1,4,0x8FAA87A1,7.133334,Drop,zu,1,47
A_siege_nub,level_1_1,1,4,0x8FAA87A1,11.933334,Drop,zu,1,48
A_siege_nub,level_1_1,1,4,0x8FAA87A1,17.533334,Drop,e_liu,1,49
A_siege_nub,level_1_1,1,4,0x8FAA87A1,21.233334,Drop,zu,1,50
A_siege_nub,level_1_1,1,4,0x8FAA87A1,27.033335,Drop,e_liu,1,51
A_siege_nub,level_1_1,1,4,0x8FAA87A1,31.100002,Drop,zu,1,52
A_siege_nub,level_1_1,1,4,0x8FAA87A1,36.900002,Drop,e_liu,1,53
A_siege_nub,level_1_1,1,4,0x8FAA87A1,40.533335,Drop,zu,1,54
A_siege_nub,level_1_1,1,4,0x8FAA87A1,46.366669,Drop,zqi,1,55
A_siege_nub,level_1_1,1,4,0x8FAA87A1,50.533336,Drop,e_liu,1,56
A_siege_nub,level_1_1,1,4,0x8FAA87A1,54.900003,Drop,zu,1,57
A_siege_nub,level_1_1,1,4,0x8FAA87A1,60.033336,Drop,zu,1,58
A_siege_nub,level_1_1,1,4,0x8FAA87A1,65.36667,Drop,e_liu,1,59
A_siege_nub,level_1_1,1,4,0x8FAA87A1,71.36667,Drop,zqi,1,60
A_siege_nub,level_1_1,1,4,0x8FAA87A1,74.000004,Drop,zu,1,61
A_siege_nub,level_1_1,1,4,0x8FAA87A1,78.866671,Drop,e_liu,1,62
A_siege_nub,level_1_1,1,4,0x8FAA87A1,84.600004,Drop,zqi,1,63
A_siege_nub,level_1_1,1,4,0x8FAA87A1,89.400005,Drop,e_lang,3,66
A_siege_nub,level_1_1,1,4,0x8FAA87A1,105.400005,Drop,e_lang,3,69
A_siege_nub,level_1_1,1,4,0x8FAA87A1,114.400006,Drop,bld_cheng,20,89
A_siege_nub,level_1_1,1,4,0x8FAA87A1,114.400006,End,,0,89
A_siege_nub,level_1_1,1,5,0x3487C9CE,0,Start,,0,45
A_siege_nub,level_1_1,1,5,0x3487C9CE,2.666667,Drop,zu,1,46
A_siege_nub,level_1_1,1,5,0x3487C9CE,7.1,Drop,zu,1,47
A_siege_nub,level_1_1,1,5,0x3487C9CE,11.900001,Drop,zu,1,48
A_siege_nub,level_1_1,1,5,0x3487C9CE,17.533334,Drop,e_liu,1,49
A_siege_nub,level_1_1,1,5,0x3487C9CE,21.233334,Drop,zu,1,50
A_siege_nub,level_1_1,1,5,0x3487C9CE,27.033335,Drop,e_liu,1,51
A_siege_nub,level_1_1,1,5,0x3487C9CE,31.100002,Drop,zu,1,52
A_siege_nub,level_1_1,1,5,0x3487C9CE,36.900002,Drop,e_liu,1,53
A_siege_nub,level_1_1,1,5,0x3487C9CE,40.600002,Drop,zu,1,54
A_siege_nub,level_1_1,1,5,0x3487C9CE,46.400002,Drop,zqi,1,55
A_siege_nub,level_1_1,1,5,0x3487C9CE,51.100003,Drop,e_liu,1,56
A_siege_nub,level_1_1,1,5,0x3487C9CE,54.800003,Drop,zu,1,57
A_siege_nub,level_1_1,1,5,0x3487C9CE,59.600003,Drop,zu,1,58
A_siege_nub,level_1_1,1,5,0x3487C9CE,65.400003,Drop,e_liu,1,59
A_siege_nub,level_1_1,1,5,0x3487C9CE,70.46667,Drop,zqi,1,60
A_siege_nub,level_1_1,1,5,0x3487C9CE,74.466671,Drop,zu,1,61
A_siege_nub,level_1_1,1,5,0x3487C9CE,79.466671,Drop,e_liu,1,62
A_siege_nub,level_1_1,1,5,0x3487C9CE,85.466671,Drop,zqi,1,63
A_siege_nub,level_1_1,1,5,0x3487C9CE,90.466671,Drop,e_lang,3,66
A_siege_nub,level_1_1,1,5,0x3487C9CE,105.533339,Drop,e_lang,3,69
A_siege_nub,level_1_1,1,5,0x3487C9CE,114.533339,Drop,bld_cheng,20,89
A_siege_nub,level_1_1,1,5,0x3487C9CE,114.533339,End,,0,89
A_siege_nub,level_1_1,1,6,0x7A738D31,0,Start,,0,45
A_siege_nub,level_1_1,1,6,0x7A738D31,2.633333,Drop,zu,1,46
A_siege_nub,level_1_1,1,6,0x7A738D31,7.066667,Drop,zu,1,47
A_siege_nub,level_1_1,1,6,0x7A738D31,12.066667,Drop,zu,1,48
A_siege_nub,level_1_1,1,6,0x7A738D31,17.533334,Drop,e_liu,1,49
A_siege_nub,level_1_1,1,6,0x7A738D31,21.466668,Drop,zu,1,50
A_siege_nub,level_1_1,1,6,0x7A738D31,27.533335,Drop,e_liu,1,51
A_siege_nub,level_1_1,1,6,0x7A738D31,31.066668,Drop,zu,1,52
A_siege_nub,level_1_1,1,6,0x7A738D31,36.066669,Drop,e_liu,1,53
A_siege_nub,level_1_1,1,6,0x7A738D31,40.466669,Drop,zu,1,54
A_siege_nub,level_1_1,1,6,0x7A738D31,47.066669,Drop,zqi,1,55
A_siege_nub,level_1_1,1,6,0x7A738D31,50.733336,Drop,e_liu,1,56
A_siege_nub,level_1_1,1,6,0x7A738D31,55.133336,Drop,zu,1,57
A_siege_nub,level_1_1,1,6,0x7A738D31,60.06667,Drop,zu,1,58
A_siege_nub,level_1_1,1,6,0x7A738D31,65.06667,Drop,e_liu,1,59
A_siege_nub,level_1_1,1,6,0x7A738D31,71.06667,Drop,zqi,1,60
A_siege_nub,level_1_1,1,6,0x7A738D31,74.000004,Drop,zu,1,61
A_siege_nub,level_1_1,1,6,0x7A738D31,79.800004,Drop,e_liu,1,62
A_siege_nub,level_1_1,1,6,0x7A738D31,84.600004,Drop,zqi,1,63
A_siege_nub,level_1_1,1,6,0x7A738D31,90.400005,Drop,e_lang,3,66
A_siege_nub,level_1_1,1,6,0x7A738D31,114.400006,Drop,bld_cheng,20,86
A_siege_nub,level_1_1,1,6,0x7A738D31,114.400006,End,,0,86
A_siege_nub,level_1_1,1,7,0x7160B3BB,0,Start,,0,45
A_siege_nub,level_1_1,1,7,0x7160B3BB,2.733333,Drop,zu,1,46
A_siege_nub,level_1_1,1,7,0x7160B3BB,6.8,Drop,zu,1,47
A_siege_nub,level_1_1,1,7,0x7160B3BB,11.600001,Drop,zu,1,48
A_siege_nub,level_1_1,1,7,0x7160B3BB,17.400001,Drop,e_liu,1,49
A_siege_nub,level_1_1,1,7,0x7160B3BB,21.466668,Drop,zu,1,50
A_siege_nub,level_1_1,1,7,0x7160B3BB,27.266668,Drop,e_liu,1,51
A_siege_nub,level_1_1,1,7,0x7160B3BB,30.966668,Drop,zu,1,52
A_siege_nub,level_1_1,1,7,0x7160B3BB,36.766669,Drop,e_liu,1,53
A_siege_nub,level_1_1,1,7,0x7160B3BB,40.466669,Drop,zu,1,54
A_siege_nub,level_1_1,1,7,0x7160B3BB,46.266669,Drop,zqi,1,55
A_siege_nub,level_1_1,1,7,0x7160B3BB,51.266669,Drop,e_liu,1,56
A_siege_nub,level_1_1,1,7,0x7160B3BB,55.26667,Drop,zu,1,57
A_siege_nub,level_1_1,1,7,0x7160B3BB,60.26667,Drop,zu,1,58
A_siege_nub,level_1_1,1,7,0x7160B3BB,65.26667,Drop,e_liu,1,59
A_siege_nub,level_1_1,1,7,0x7160B3BB,71.26667,Drop,zqi,1,60
A_siege_nub,level_1_1,1,7,0x7160B3BB,74.266671,Drop,zu,1,61
A_siege_nub,level_1_1,1,7,0x7160B3BB,80.266671,Drop,e_liu,1,62
A_siege_nub,level_1_1,1,7,0x7160B3BB,100.033339,Drop,zqi,1,63
A_siege_nub,level_1_1,1,7,0x7160B3BB,156.133341,End,,0,63
A_siege_nub,level_1_1,1,8,0x85EBE630,0,Start,,0,45
A_siege_nub,level_1_1,1,8,0x85EBE630,2.6,Drop,zu,1,46
A_siege_nub,level_1_1,1,8,0x85EBE630,7.033334,Drop,zu,1,47
A_siege_nub,level_1_1,1,8,0x85EBE630,11.833334,Drop,zu,1,48
A_siege_nub,level_1_1,1,8,0x85EBE630,18.100001,Drop,e_liu,1,49
A_siege_nub,level_1_1,1,8,0x85EBE630,21.566668,Drop,zu,1,50
A_siege_nub,level_1_1,1,8,0x85EBE630,27.100001,Drop,e_liu,1,51
A_siege_nub,level_1_1,1,8,0x85EBE630,31.100002,Drop,zu,1,52
A_siege_nub,level_1_1,1,8,0x85EBE630,37.100002,Drop,e_liu,1,53
A_siege_nub,level_1_1,1,8,0x85EBE630,41.100002,Drop,zu,1,54
A_siege_nub,level_1_1,1,8,0x85EBE630,47.100002,Drop,zqi,1,55
A_siege_nub,level_1_1,1,8,0x85EBE630,50.700003,Drop,e_liu,1,56
A_siege_nub,level_1_1,1,8,0x85EBE630,55.100003,Drop,zu,1,57
A_siege_nub,level_1_1,1,8,0x85EBE630,60.100003,Drop,zu,1,58
A_siege_nub,level_1_1,1,8,0x85EBE630,66.100003,Drop,e_liu,1,59
A_siege_nub,level_1_1,1,8,0x85EBE630,497.866693,End,,0,59
A_siege_nub,level_1_1,1,9,0xDC9ECE66,0,Start,,0,45
A_siege_nub,level_1_1,1,9,0xDC9ECE66,2.633333,Drop,zu,1,46
A_siege_nub,level_1_1,1,9,0xDC9ECE66,7.066667,Drop,zu,1,47
A_siege_nub,level_1_1,1,9,0xDC9ECE66,11.866667,Drop,zu,1,48
A_siege_nub,level_1_1,1,9,0xDC9ECE66,17.500001,Drop,e_liu,1,49
A_siege_nub,level_1_1,1,9,0xDC9ECE66,21.200001,Drop,zu,1,50
A_siege_nub,level_1_1,1,9,0xDC9ECE66,27.000001,Drop,e_liu,1,51
A_siege_nub,level_1_1,1,9,0xDC9ECE66,31.066668,Drop,zu,1,52
A_siege_nub,level_1_1,1,9,0xDC9ECE66,36.866669,Drop,e_liu,1,53
A_siege_nub,level_1_1,1,9,0xDC9ECE66,40.566669,Drop,zu,1,54
A_siege_nub,level_1_1,1,9,0xDC9ECE66,46.366669,Drop,zqi,1,55
A_siege_nub,level_1_1,1,9,0xDC9ECE66,50.500003,Drop,e_liu,1,56
A_siege_nub,level_1_1,1,9,0xDC9ECE66,55.36667,Drop,zu,1,57
A_siege_nub,level_1_1,1,9,0xDC9ECE66,60.36667,Drop,zu,1,58
A_siege_nub,level_1_1,1,9,0xDC9ECE66,65.36667,Drop,e_liu,1,59
A_siege_nub,level_1_1,1,9,0xDC9ECE66,71.36667,Drop,zqi,1,60
A_siege_nub,level_1_1,1,9,0xDC9ECE66,74.366671,Drop,zu,1,61
A_siege_nub,level_1_1,1,9,0xDC9ECE66,79.600004,Drop,e_liu,1,62
A_siege_nub,level_1_1,1,9,0xDC9ECE66,84.600004,Drop,zqi,1,63
A_siege_nub,level_1_1,1,9,0xDC9ECE66,90.400005,Drop,e_lang,3,66
A_siege_nub,level_1_1,1,9,0xDC9ECE66,106.400006,Drop,e_lang,3,69
A_siege_nub,level_1_1,1,9,0xDC9ECE66,114.400006,Drop,bld_cheng,20,89
A_siege_nub,level_1_1,1,9,0xDC9ECE66,114.400006,End,,0,89
A_siege_nub,level_1_1,1,10,0xAF13952F,0,Start,,0,45
A_siege_nub,level_1_1,1,10,0xAF13952F,2.666667,Drop,zu,1,46
A_siege_nub,level_1_1,1,10,0xAF13952F,7.1,Drop,zu,1,47
A_siege_nub,level_1_1,1,10,0xAF13952F,11.900001,Drop,zu,1,48
A_siege_nub,level_1_1,1,10,0xAF13952F,17.566668,Drop,e_liu,1,49
A_siege_nub,level_1_1,1,10,0xAF13952F,21.266668,Drop,zu,1,50
A_siege_nub,level_1_1,1,10,0xAF13952F,27.533335,Drop,e_liu,1,51
A_siege_nub,level_1_1,1,10,0xAF13952F,30.900002,Drop,zu,1,52
A_siege_nub,level_1_1,1,10,0xAF13952F,36.900002,Drop,e_liu,1,53
A_siege_nub,level_1_1,1,10,0xAF13952F,40.900002,Drop,zu,1,54
A_siege_nub,level_1_1,1,10,0xAF13952F,46.900002,Drop,zqi,1,55
A_siege_nub,level_1_1,1,10,0xAF13952F,50.900003,Drop,e_liu,1,56
A_siege_nub,level_1_1,1,10,0xAF13952F,55.900003,Drop,zu,1,57
A_siege_nub,level_1_1,1,10,0xAF13952F,59.900003,Drop,zu,1,58
A_siege_nub,level_1_1,1,10,0xAF13952F,64.933337,Drop,e_liu,1,59
A_siege_nub,level_1_1,1,10,0xAF13952F,70.900004,Drop,zqi,1,60
A_siege_nub,level_1_1,1,10,0xAF13952F,74.466671,Drop,zu,1,61
A_siege_nub,level_1_1,1,10,0xAF13952F,79.600004,Drop,e_liu,1,62
A_siege_nub,level_1_1,1,10,0xAF13952F,84.600004,Drop,zqi,1,63
A_siege_nub,level_1_1,1,10,0xAF13952F,89.533338,Drop,e_lang,3,66
A_siege_nub,level_1_1,1,10,0xAF13952F,106.400006,Drop,e_lang,3,69
A_siege_nub,level_1_1,1,10,0xAF13952F,114.933339,Drop,bld_cheng,20,89
A_siege_nub,level_1_1,1,10,0xAF13952F,114.933339,End,,0,89
A_siege_nub,level_1_5,5,1,0x6B756574,0,Start,,0,45
A_siege_nub,level_1_5,5,1,0x6B756574,2.7,Drop,e_lang,1,46
A_siege_nub,level_1_5,5,1,0x6B756574,4.933334,Drop,e_lang,1,47
A_siege_nub,level_1_5,5,1,0x6B756574,7.533334,Drop,e_lang,1,48
A_siege_nub,level_1_5,5,1,0x6B756574,11.133334,Drop,e_liu,1,49
A_siege_nub,level_1_5,5,1,0x6B756574,12.633334,Drop,e_lang,1,50
A_siege_nub,level_1_5,5,1,0x6B756574,15.700001,Drop,e_liu,1,51
A_siege_nub,level_1_5,5,1,0x6B756574,17.733334,Drop,e_lang,1,52
A_siege_nub,level_1_5,5,1,0x6B756574,21.233334,Drop,e_liu,1,53
A_siege_nub,level_1_5,5,1,0x6B756574,23.233335,Drop,e_lang,1,54
A_siege_nub,level_1_5,5,1,0x6B756574,27.233335,Drop,zqi,1,55
A_siege_nub,level_1_5,5,1,0x6B756574,28.700001,Drop,e_liu,1,56
A_siege_nub,level_1_5,5,1,0x6B756574,31.233335,Drop,e_lang,1,57
A_siege_nub,level_1_5,5,1,0x6B756574,34.233335,Drop,e_lang,1,58
A_siege_nub,level_1_5,5,1,0x6B756574,36.466669,Drop,e_liu,1,59
A_siege_nub,level_1_5,5,1,0x6B756574,40.233335,Drop,zqi,1,60
A_siege_nub,level_1_5,5,1,0x6B756574,41.700002,Drop,e_lang,1,61
A_siege_nub,level_1_5,5,1,0x6B756574,44.233336,Drop,e_liu,1,62
A_siege_nub,level_1_5,5,1,0x6B756574,48.233336,Drop,zqi,1,63
A_siege_nub,level_1_5,5,1,0x6B756574,52.233336,Drop,zqi,3,66
A_siege_nub,level_1_5,5,1,0x6B756574,57.400003,Drop,e_lang,3,69
A_siege_nub,level_1_5,5,1,0x6B756574,65.233337,Drop,e_lang,3,72
A_siege_nub,level_1_5,5,1,0x6B756574,80.233338,Drop,e_lang,3,75
A_siege_nub,level_1_5,5,1,0x6B756574,92.233338,Drop,bld_cheng,20,95
A_siege_nub,level_1_5,5,1,0x6B756574,92.233338,End,,0,95
A_siege_nub,level_1_5,5,2,0x3CAB55B9,0,Start,,0,45
A_siege_nub,level_1_5,5,2,0x3CAB55B9,2.666667,Drop,e_lang,1,46
A_siege_nub,level_1_5,5,2,0x3CAB55B9,4.9,Drop,e_lang,1,47
A_siege_nub,level_1_5,5,2,0x3CAB55B9,7.5,Drop,e_lang,1,48
A_siege_nub,level_1_5,5,2,0x3CAB55B9,11.100001,Drop,e_liu,1,49
A_siege_nub,level_1_5,5,2,0x3CAB55B9,12.600001,Drop,e_lang,1,50
A_siege_nub,level_1_5,5,2,0x3CAB55B9,16.200001,Drop,e_liu,1,51
A_siege_nub,level_1_5,5,2,0x3CAB55B9,17.700001,Drop,e_lang,1,52
A_siege_nub,level_1_5,5,2,0x3CAB55B9,21.100001,Drop,e_liu,1,53
A_siege_nub,level_1_5,5,2,0x3CAB55B9,23.300001,Drop,e_lang,1,54
A_siege_nub,level_1_5,5,2,0x3CAB55B9,26.533335,Drop,zqi,1,55
A_siege_nub,level_1_5,5,2,0x3CAB55B9,29.033335,Drop,e_liu,1,56
A_siege_nub,level_1_5,5,2,0x3CAB55B9,30.900002,Drop,e_lang,1,57
A_siege_nub,level_1_5,5,2,0x3CAB55B9,33.500002,Drop,e_lang,1,58
A_siege_nub,level_1_5,5,2,0x3CAB55B9,37.100002,Drop,e_liu,1,59
A_siege_nub,level_1_5,5,2,0x3CAB55B9,39.600002,Drop,zqi,1,60
A_siege_nub,level_1_5,5,2,0x3CAB55B9,41.600002,Drop,e_lang,1,61
A_siege_nub,level_1_5,5,2,0x3CAB55B9,45.600002,Drop,e_liu,1,62
A_siege_nub,level_1_5,5,2,0x3CAB55B9,47.600002,Drop,zqi,1,63
A_siege_nub,level_1_5,5,2,0x3CAB55B9,50.600003,Drop,e_lang,3,66
A_siege_nub,level_1_5,5,2,0x3CAB55B9,55.900003,Drop,zqi,3,69
A_siege_nub,level_1_5,5,2,0x3CAB55B9,131.866674,End,,0,69
A_siege_nub,level_1_5,5,3,0x95978857,0,Start,,0,45
A_siege_nub,level_1_5,5,3,0x95978857,2.666667,Drop,e_lang,1,46
A_siege_nub,level_1_5,5,3,0x95978857,4.9,Drop,e_lang,1,47
A_siege_nub,level_1_5,5,3,0x95978857,7.5,Drop,e_lang,1,48
A_siege_nub,level_1_5,5,3,0x95978857,11.100001,Drop,e_liu,1,49
A_siege_nub,level_1_5,5,3,0x95978857,12.600001,Drop,e_lang,1,50
A_siege_nub,level_1_5,5,3,0x95978857,15.633334,Drop,e_liu,1,51
A_siege_nub,level_1_5,5,3,0x95978857,18.200001,Drop,e_lang,1,52
A_siege_nub,level_1_5,5,3,0x95978857,21.200001,Drop,e_liu,1,53
A_siege_nub,level_1_5,5,3,0x95978857,23.200001,Drop,e_lang,1,54
A_siege_nub,level_1_5,5,3,0x95978857,27.200001,Drop,zqi,1,55
A_siege_nub,level_1_5,5,3,0x95978857,29.200002,Drop,e_liu,1,56
A_siege_nub,level_1_5,5,3,0x95978857,31.200002,Drop,e_lang,1,57
A_siege_nub,level_1_5,5,3,0x95978857,34.200002,Drop,e_lang,1,58
A_siege_nub,level_1_5,5,3,0x95978857,37.033335,Drop,e_liu,1,59
A_siege_nub,level_1_5,5,3,0x95978857,40.100002,Drop,zqi,1,60
A_siege_nub,level_1_5,5,3,0x95978857,42.100002,Drop,e_lang,1,61
A_siege_nub,level_1_5,5,3,0x95978857,44.100002,Drop,e_liu,1,62
A_siege_nub,level_1_5,5,3,0x95978857,116.566673,End,,0,62
A_siege_nub,level_1_5,5,4,0xF7361939,0,Start,,0,45
A_siege_nub,level_1_5,5,4,0xF7361939,2.666667,Drop,e_lang,1,46
A_siege_nub,level_1_5,5,4,0xF7361939,4.9,Drop,e_lang,1,47
A_siege_nub,level_1_5,5,4,0xF7361939,7.5,Drop,e_lang,1,48
A_siege_nub,level_1_5,5,4,0xF7361939,11.100001,Drop,e_liu,1,49
A_siege_nub,level_1_5,5,4,0xF7361939,12.600001,Drop,e_lang,1,50
A_siege_nub,level_1_5,5,4,0xF7361939,16.200001,Drop,e_liu,1,51
A_siege_nub,level_1_5,5,4,0xF7361939,17.700001,Drop,e_lang,1,52
A_siege_nub,level_1_5,5,4,0xF7361939,21.300001,Drop,e_liu,1,53
A_siege_nub,level_1_5,5,4,0xF7361939,22.900001,Drop,e_lang,1,54
A_siege_nub,level_1_5,5,4,0xF7361939,26.500001,Drop,zqi,1,55
A_siege_nub,level_1_5,5,4,0xF7361939,29.000002,Drop,e_liu,1,56
A_siege_nub,level_1_5,5,4,0xF7361939,30.866668,Drop,e_lang,1,57
A_siege_nub,level_1_5,5,4,0xF7361939,33.600002,Drop,e_lang,1,58
A_siege_nub,level_1_5,5,4,0xF7361939,36.366669,Drop,e_liu,1,59
A_siege_nub,level_1_5,5,4,0xF7361939,39.800002,Drop,zqi,1,60
A_siege_nub,level_1_5,5,4,0xF7361939,42.800002,Drop,e_lang,1,61
A_siege_nub,level_1_5,5,4,0xF7361939,44.900002,Drop,e_liu,1,62
A_siege_nub,level_1_5,5,4,0xF7361939,47.900002,Drop,zqi,1,63
A_siege_nub,level_1_5,5,4,0xF7361939,68.900004,Drop,zqi,3,66
A_siege_nub,level_1_5,5,4,0xF7361939,116.666673,End,,0,66
A_siege_nub,level_1_5,5,5,0xB6354511,0,Start,,0,45
A_siege_nub,level_1_5,5,5,0xB6354511,2.666667,Drop,e_lang,1,46
A_siege_nub,level_1_5,5,5,0xB6354511,4.9,Drop,e_lang,1,47
A_siege_nub,level_1_5,5,5,0xB6354511,7.5,Drop,e_lang,1,48
A_siege_nub,level_1_5,5,5,0xB6354511,11.100001,Drop,e_liu,1,49
A_siege_nub,level_1_5,5,5,0xB6354511,12.566667,Drop,e_lang,1,50
A_siege_nub,level_1_5,5,5,0xB6354511,16.166668,Drop,e_liu,1,51
A_siege_nub,level_1_5,5,5,0xB6354511,17.766668,Drop,e_lang,1,52
A_siege_nub,level_1_5,5,5,0xB6354511,20.933334,Drop,e_liu,1,53
A_siege_nub,level_1_5,5,5,0xB6354511,23.466668,Drop,e_lang,1,54
A_siege_nub,level_1_5,5,5,0xB6354511,27.366668,Drop,zqi,1,55
A_siege_nub,level_1_5,5,5,0xB6354511,28.700001,Drop,e_liu,1,56
A_siege_nub,level_1_5,5,5,0xB6354511,31.466668,Drop,e_lang,1,57
A_siege_nub,level_1_5,5,5,0xB6354511,33.466668,Drop,e_lang,1,58
A_siege_nub,level_1_5,5,5,0xB6354511,36.566669,Drop,e_liu,1,59
A_siege_nub,level_1_5,5,5,0xB6354511,40.366669,Drop,zqi,1,60
A_siege_nub,level_1_5,5,5,0xB6354511,41.466669,Drop,e_lang,1,61
A_siege_nub,level_1_5,5,5,0xB6354511,45.366669,Drop,e_liu,1,62
A_siege_nub,level_1_5,5,5,0xB6354511,48.366669,Drop,zqi,1,63
A_siege_nub,level_1_5,5,5,0xB6354511,54.46667,Drop,zqi,3,66
A_siege_nub,level_1_5,5,5,0xB6354511,71.333337,Drop,e_lang,3,69
A_siege_nub,level_1_5,5,5,0xB6354511,73.133337,Drop,e_lang,3,72
A_siege_nub,level_1_5,5,5,0xB6354511,126.03334,End,,0,72
A_siege_nub,level_1_5,5,6,0xCC7A211A,0,Start,,0,45
A_siege_nub,level_1_5,5,6,0xCC7A211A,2.666667,Drop,e_lang,1,46
A_siege_nub,level_1_5,5,6,0xCC7A211A,4.9,Drop,e_lang,1,47
A_siege_nub,level_1_5,5,6,0xCC7A211A,7.5,Drop,e_lang,1,48
A_siege_nub,level_1_5,5,6,0xCC7A211A,11.100001,Drop,e_liu,1,49
A_siege_nub,level_1_5,5,6,0xCC7A211A,12.566667,Drop,e_lang,1,50
A_siege_nub,level_1_5,5,6,0xCC7A211A,16.166668,Drop,e_liu,1,51
A_siege_nub,level_1_5,5,6,0xCC7A211A,18.000001,Drop,e_lang,1,52
A_siege_nub,level_1_5,5,6,0xCC7A211A,21.233334,Drop,e_liu,1,53
A_siege_nub,level_1_5,5,6,0xCC7A211A,23.533335,Drop,e_lang,1,54
A_siege_nub,level_1_5,5,6,0xCC7A211A,26.400001,Drop,zqi,1,55
A_siege_nub,level_1_5,5,6,0xCC7A211A,29.400002,Drop,e_liu,1,56
A_siege_nub,level_1_5,5,6,0xCC7A211A,31.533335,Drop,e_lang,1,57
A_siege_nub,level_1_5,5,6,0xCC7A211A,33.533335,Drop,e_lang,1,58
A_siege_nub,level_1_5,5,6,0xCC7A211A,36.533335,Drop,e_liu,1,59
A_siege_nub,level_1_5,5,6,0xCC7A211A,39.400002,Drop,zqi,1,60
A_siege_nub,level_1_5,5,6,0xCC7A211A,41.533335,Drop,e_lang,1,61
A_siege_nub,level_1_5,5,6,0xCC7A211A,44.400002,Drop,e_liu,1,62
A_siege_nub,level_1_5,5,6,0xCC7A211A,47.400002,Drop,zqi,1,63
A_siege_nub,level_1_5,5,6,0xCC7A211A,52.400003,Drop,zqi,3,66
A_siege_nub,level_1_5,5,6,0xCC7A211A,66.400003,Drop,e_lang,3,69
A_siege_nub,level_1_5,5,6,0xCC7A211A,81.400004,Drop,e_lang,3,72
A_siege_nub,level_1_5,5,6,0xCC7A211A,92.400005,Drop,bld_cheng,20,92
A_siege_nub,level_1_5,5,6,0xCC7A211A,92.400005,End,,0,92
A_siege_nub,level_1_5,5,7,0x837D83F6,0,Start,,0,45
A_siege_nub,level_1_5,5,7,0x837D83F6,2.666667,Drop,e_lang,1,46
A_siege_nub,level_1_5,5,7,0x837D83F6,4.9,Drop,e_lang,1,47
A_siege_nub,level_1_5,5,7,0x837D83F6,7.5,Drop,e_lang,1,48
A_siege_nub,level_1_5,5,7,0x837D83F6,11.100001,Drop,e_liu,1,49
A_siege_nub,level_1_5,5,7,0x837D83F6,12.600001,Drop,e_lang,1,50
A_siege_nub,level_1_5,5,7,0x837D83F6,16.200001,Drop,e_liu,1,51
A_siege_nub,level_1_5,5,7,0x837D83F6,17.700001,Drop,e_lang,1,52
A_siege_nub,level_1_5,5,7,0x837D83F6,21.700001,Drop,e_liu,1,53
A_siege_nub,level_1_5,5,7,0x837D83F6,23.066668,Drop,e_lang,1,54
A_siege_nub,level_1_5,5,7,0x837D83F6,27.266668,Drop,zqi,1,55
A_siege_nub,level_1_5,5,7,0x837D83F6,28.833335,Drop,e_liu,1,56
A_siege_nub,level_1_5,5,7,0x837D83F6,32.266668,Drop,e_lang,1,57
A_siege_nub,level_1_5,5,7,0x837D83F6,35.266669,Drop,e_lang,1,58
A_siege_nub,level_1_5,5,7,0x837D83F6,36.433335,Drop,e_liu,1,59
A_siege_nub,level_1_5,5,7,0x837D83F6,41.433335,Drop,e_lang,1,60
A_siege_nub,level_1_5,5,7,0x837D83F6,45.933336,Drop,e_liu,1,61
A_siege_nub,level_1_5,5,7,0x837D83F6,118.866673,End,,0,61
A_siege_nub,level_1_5,5,8,0x53681497,0,Start,,0,45
A_siege_nub,level_1_5,5,8,0x53681497,2.666667,Drop,e_lang,1,46
A_siege_nub,level_1_5,5,8,0x53681497,4.9,Drop,e_lang,1,47
A_siege_nub,level_1_5,5,8,0x53681497,7.5,Drop,e_lang,1,48
A_siege_nub,level_1_5,5,8,0x53681497,11.100001,Drop,e_liu,1,49
A_siege_nub,level_1_5,5,8,0x53681497,12.600001,Drop,e_lang,1,50
A_siege_nub,level_1_5,5,8,0x53681497,16.200001,Drop,e_liu,1,51
A_siege_nub,level_1_5,5,8,0x53681497,17.700001,Drop,e_lang,1,52
A_siege_nub,level_1_5,5,8,0x53681497,21.300001,Drop,e_liu,1,53
A_siege_nub,level_1_5,5,8,0x53681497,22.900001,Drop,e_lang,1,54
A_siege_nub,level_1_5,5,8,0x53681497,26.500001,Drop,zqi,1,55
A_siege_nub,level_1_5,5,8,0x53681497,29.500002,Drop,e_liu,1,56
A_siege_nub,level_1_5,5,8,0x53681497,32.500002,Drop,e_lang,1,57
A_siege_nub,level_1_5,5,8,0x53681497,34.500002,Drop,e_lang,1,58
A_siege_nub,level_1_5,5,8,0x53681497,37.500002,Drop,e_liu,1,59
A_siege_nub,level_1_5,5,8,0x53681497,40.500002,Drop,zqi,1,60
A_siege_nub,level_1_5,5,8,0x53681497,42.500002,Drop,e_lang,1,61
A_siege_nub,level_1_5,5,8,0x53681497,45.500002,Drop,e_liu,1,62
A_siege_nub,level_1_5,5,8,0x53681497,50.200003,Drop,e_lang,3,65
A_siege_nub,level_1_5,5,8,0x53681497,141.266674,End,,0,65
A_siege_nub,level_1_5,5,9,0x6EA1512A,0,Start,,0,45
A_siege_nub,level_1_5,5,9,0x6EA1512A,2.7,Drop,e_lang,1,46
A_siege_nub,level_1_5,5,9,0x6EA1512A,4.933334,Drop,e_lang,1,47
A_siege_nub,level_1_5,5,9,0x6EA1512A,7.533334,Drop,e_lang,1,48
A_siege_nub,level_1_5,5,9,0x6EA1512A,11.133334,Drop,e_liu,1,49
A_siege_nub,level_1_5,5,9,0x6EA1512A,12.633334,Drop,e_lang,1,50
A_siege_nub,level_1_5,5,9,0x6EA1512A,16.233334,Drop,e_liu,1,51
A_siege_nub,level_1_5,5,9,0x6EA1512A,18.100001,Drop,e_lang,1,52
A_siege_nub,level_1_5,5,9,0x6EA1512A,21.300001,Drop,e_liu,1,53
A_siege_nub,level_1_5,5,9,0x6EA1512A,23.533335,Drop,e_lang,1,54
A_siege_nub,level_1_5,5,9,0x6EA1512A,26.400001,Drop,zqi,1,55
A_siege_nub,level_1_5,5,9,0x6EA1512A,28.900002,Drop,e_liu,1,56
A_siege_nub,level_1_5,5,9,0x6EA1512A,31.533335,Drop,e_lang,1,57
A_siege_nub,level_1_5,5,9,0x6EA1512A,33.533335,Drop,e_lang,1,58
A_siege_nub,level_1_5,5,9,0x6EA1512A,36.533335,Drop,e_liu,1,59
A_siege_nub,level_1_5,5,9,0x6EA1512A,39.400002,Drop,zqi,1,60
A_siege_nub,level_1_5,5,9,0x6EA1512A,41.533335,Drop,e_lang,1,61
A_siege_nub,level_1_5,5,9,0x6EA1512A,44.533336,Drop,e_liu,1,62
A_siege_nub,level_1_5,5,9,0x6EA1512A,47.400002,Drop,zqi,1,63
A_siege_nub,level_1_5,5,9,0x6EA1512A,51.400003,Drop,zqi,3,66
A_siege_nub,level_1_5,5,9,0x6EA1512A,65.800003,Drop,e_lang,3,69
A_siege_nub,level_1_5,5,9,0x6EA1512A,91.400005,Drop,bld_cheng,20,89
A_siege_nub,level_1_5,5,9,0x6EA1512A,91.400005,End,,0,89
A_siege_nub,level_1_5,5,10,0xD4025E68,0,Start,,0,45
A_siege_nub,level_1_5,5,10,0xD4025E68,2.666667,Drop,e_lang,1,46
A_siege_nub,level_1_5,5,10,0xD4025E68,4.9,Drop,e_lang,1,47
A_siege_nub,level_1_5,5,10,0xD4025E68,7.5,Drop,e_lang,1,48
A_siege_nub,level_1_5,5,10,0xD4025E68,11.100001,Drop,e_liu,1,49
A_siege_nub,level_1_5,5,10,0xD4025E68,12.600001,Drop,e_lang,1,50
A_siege_nub,level_1_5,5,10,0xD4025E68,16.200001,Drop,e_liu,1,51
A_siege_nub,level_1_5,5,10,0xD4025E68,18.200001,Drop,e_lang,1,52
A_siege_nub,level_1_5,5,10,0xD4025E68,21.633334,Drop,e_liu,1,53
A_siege_nub,level_1_5,5,10,0xD4025E68,23.266668,Drop,e_lang,1,54
A_siege_nub,level_1_5,5,10,0xD4025E68,27.300001,Drop,zqi,1,55
A_siege_nub,level_1_5,5,10,0xD4025E68,29.300002,Drop,e_liu,1,56
A_siege_nub,level_1_5,5,10,0xD4025E68,31.100002,Drop,e_lang,1,57
A_siege_nub,level_1_5,5,10,0xD4025E68,33.633335,Drop,e_lang,1,58
A_siege_nub,level_1_5,5,10,0xD4025E68,36.466669,Drop,e_liu,1,59
A_siege_nub,level_1_5,5,10,0xD4025E68,40.300002,Drop,zqi,1,60
A_siege_nub,level_1_5,5,10,0xD4025E68,42.300002,Drop,e_lang,1,61
A_siege_nub,level_1_5,5,10,0xD4025E68,45.300002,Drop,e_liu,1,62
A_siege_nub,level_1_5,5,10,0xD4025E68,50.266669,Drop,e_lang,3,65
A_siege_nub,level_1_5,5,10,0xD4025E68,141.266674,End,,0,65
B_no_siege,level_1_1,1,1,0x662D206F,0,Start,,0,45
B_no_siege,level_1_1,1,1,0x662D206F,2.633333,Drop,zu,1,46
B_no_siege,level_1_1,1,1,0x662D206F,7.466667,Drop,zu,1,47
B_no_siege,level_1_1,1,1,0x662D206F,12.466667,Drop,zu,1,48
B_no_siege,level_1_1,1,1,0x662D206F,18.700001,Drop,e_liu,1,49
B_no_siege,level_1_1,1,1,0x662D206F,21.300001,Drop,zu,1,50
B_no_siege,level_1_1,1,1,0x662D206F,27.400001,Drop,e_liu,1,51
B_no_siege,level_1_1,1,1,0x662D206F,31.633335,Drop,zu,1,52
B_no_siege,level_1_1,1,1,0x662D206F,37.400002,Drop,e_liu,1,53
B_no_siege,level_1_1,1,1,0x662D206F,41.333335,Drop,zu,1,54
B_no_siege,level_1_1,1,1,0x662D206F,52.033336,Drop,e_liu,1,55
B_no_siege,level_1_1,1,1,0x662D206F,54.96667,Drop,zqi,1,56
B_no_siege,level_1_1,1,1,0x662D206F,55.700003,Drop,zu,1,57
B_no_siege,level_1_1,1,1,0x662D206F,59.86667,Drop,zu,1,58
B_no_siege,level_1_1,1,1,0x662D206F,66.06667,Drop,e_liu,1,59
B_no_siege,level_1_1,1,1,0x662D206F,74.533337,Drop,zu,1,60
B_no_siege,level_1_1,1,1,0x662D206F,160.100008,End,,0,60
B_no_siege,level_1_1,1,2,0x86348E9F,0,Start,,0,45
B_no_siege,level_1_1,1,2,0x86348E9F,2.6,Drop,zu,1,46
B_no_siege,level_1_1,1,2,0x86348E9F,7.4,Drop,zu,1,47
B_no_siege,level_1_1,1,2,0x86348E9F,12.400001,Drop,zu,1,48
B_no_siege,level_1_1,1,2,0x86348E9F,20.600001,Drop,e_liu,1,49
B_no_siege,level_1_1,1,2,0x86348E9F,21.600001,Drop,zu,1,50
B_no_siege,level_1_1,1,2,0x86348E9F,32.600002,Drop,e_liu,1,51
B_no_siege,level_1_1,1,2,0x86348E9F,33.600002,Drop,zu,1,52
B_no_siege,level_1_1,1,2,0x86348E9F,41.533335,Drop,zu,1,53
B_no_siege,level_1_1,1,2,0x86348E9F,43.600002,Drop,e_liu,1,54
B_no_siege,level_1_1,1,2,0x86348E9F,54.533336,Drop,zqi,1,55
B_no_siege,level_1_1,1,2,0x86348E9F,59.500003,Drop,e_liu,1,56
B_no_siege,level_1_1,1,2,0x86348E9F,59.600003,Drop,zu,1,57
B_no_siege,level_1_1,1,2,0x86348E9F,60.233336,Drop,zu,1,58
B_no_siege,level_1_1,1,2,0x86348E9F,65.833337,Drop,e_liu,1,59
B_no_siege,level_1_1,1,2,0x86348E9F,74.633337,Drop,zu,1,60
B_no_siege,level_1_1,1,2,0x86348E9F,718.400037,End,,0,60
B_no_siege,level_1_1,1,3,0xEB0BC8EC,0,Start,,0,45
B_no_siege,level_1_1,1,3,0xEB0BC8EC,2.633333,Drop,zu,1,46
B_no_siege,level_1_1,1,3,0xEB0BC8EC,7.466667,Drop,zu,1,47
B_no_siege,level_1_1,1,3,0xEB0BC8EC,12.466667,Drop,zu,1,48
B_no_siege,level_1_1,1,3,0xEB0BC8EC,22.000001,Drop,e_liu,1,49
B_no_siege,level_1_1,1,3,0xEB0BC8EC,22.466668,Drop,zu,1,50
B_no_siege,level_1_1,1,3,0xEB0BC8EC,27.200001,Drop,e_liu,1,51
B_no_siege,level_1_1,1,3,0xEB0BC8EC,30.900002,Drop,zu,1,52
B_no_siege,level_1_1,1,3,0xEB0BC8EC,37.200002,Drop,e_liu,1,53
B_no_siege,level_1_1,1,3,0xEB0BC8EC,40.600002,Drop,zu,1,54
B_no_siege,level_1_1,1,3,0xEB0BC8EC,57.100003,Drop,zqi,1,55
B_no_siege,level_1_1,1,3,0xEB0BC8EC,64.16667,Drop,zu,1,56
B_no_siege,level_1_1,1,3,0xEB0BC8EC,148.000008,End,,0,56
B_no_siege,level_1_1,1,4,0xD0D63D07,0,Start,,0,45
B_no_siege,level_1_1,1,4,0xD0D63D07,2.6,Drop,zu,1,46
B_no_siege,level_1_1,1,4,0xD0D63D07,7.433334,Drop,zu,1,47
B_no_siege,level_1_1,1,4,0xD0D63D07,12.433334,Drop,zu,1,48
B_no_siege,level_1_1,1,4,0xD0D63D07,20.533334,Drop,e_liu,1,49
B_no_siege,level_1_1,1,4,0xD0D63D07,21.433334,Drop,zu,1,50
B_no_siege,level_1_1,1,4,0xD0D63D07,30.433335,Drop,e_liu,1,51
B_no_siege,level_1_1,1,4,0xD0D63D07,31.433335,Drop,zu,1,52
B_no_siege,level_1_1,1,4,0xD0D63D07,36.733335,Drop,e_liu,1,53
B_no_siege,level_1_1,1,4,0xD0D63D07,40.500002,Drop,zu,1,54
B_no_siege,level_1_1,1,4,0xD0D63D07,51.533336,Drop,e_liu,1,55
B_no_siege,level_1_1,1,4,0xD0D63D07,54.86667,Drop,zu,1,56
B_no_siege,level_1_1,1,4,0xD0D63D07,60.033336,Drop,zu,1,57
B_no_siege,level_1_1,1,4,0xD0D63D07,475.533358,End,,0,57
B_no_siege,level_1_1,1,5,0xF9AC013C,0,Start,,0,45
B_no_siege,level_1_1,1,5,0xF9AC013C,2.666667,Drop,zu,1,46
B_no_siege,level_1_1,1,5,0xF9AC013C,7.466667,Drop,zu,1,47
B_no_siege,level_1_1,1,5,0xF9AC013C,12.466667,Drop,zu,1,48
B_no_siege,level_1_1,1,5,0xF9AC013C,20.566668,Drop,e_liu,1,49
B_no_siege,level_1_1,1,5,0xF9AC013C,21.466668,Drop,zu,1,50
B_no_siege,level_1_1,1,5,0xF9AC013C,28.266668,Drop,e_liu,1,51
B_no_siege,level_1_1,1,5,0xF9AC013C,31.400002,Drop,zu,1,52
B_no_siege,level_1_1,1,5,0xF9AC013C,40.466669,Drop,e_liu,1,53
B_no_siege,level_1_1,1,5,0xF9AC013C,40.933335,Drop,zu,1,54
B_no_siege,level_1_1,1,5,0xF9AC013C,51.933336,Drop,e_liu,1,55
B_no_siege,level_1_1,1,5,0xF9AC013C,65.86667,Drop,zqi,1,56
B_no_siege,level_1_1,1,5,0xF9AC013C,66.600003,Drop,zu,1,57
B_no_siege,level_1_1,1,5,0xF9AC013C,68.06667,Drop,zu,1,58
B_no_siege,level_1_1,1,5,0xF9AC013C,474.766691,End,,0,58
B_no_siege,level_1_1,1,6,0x48FC02D9,0,Start,,0,45
B_no_siege,level_1_1,1,6,0x48FC02D9,2.6,Drop,zu,1,46
B_no_siege,level_1_1,1,6,0x48FC02D9,7.433334,Drop,zu,1,47
B_no_siege,level_1_1,1,6,0x48FC02D9,12.433334,Drop,zu,1,48
B_no_siege,level_1_1,1,6,0x48FC02D9,20.533334,Drop,e_liu,1,49
B_no_siege,level_1_1,1,6,0x48FC02D9,21.533334,Drop,zu,1,50
B_no_siege,level_1_1,1,6,0x48FC02D9,27.400001,Drop,e_liu,1,51
B_no_siege,level_1_1,1,6,0x48FC02D9,31.100002,Drop,zu,1,52
B_no_siege,level_1_1,1,6,0x48FC02D9,37.366669,Drop,e_liu,1,53
B_no_siege,level_1_1,1,6,0x48FC02D9,40.700002,Drop,zu,1,54
B_no_siege,level_1_1,1,6,0x48FC02D9,467.333358,End,,0,54
B_no_siege,level_1_1,1,7,0xDC4F97CA,0,Start,,0,45
B_no_siege,level_1_1,1,7,0xDC4F97CA,2.666667,Drop,zu,1,46
B_no_siege,level_1_1,1,7,0xDC4F97CA,7.433334,Drop,zu,1,47
B_no_siege,level_1_1,1,7,0xDC4F97CA,12.433334,Drop,zu,1,48
B_no_siege,level_1_1,1,7,0xDC4F97CA,20.600001,Drop,e_liu,1,49
B_no_siege,level_1_1,1,7,0xDC4F97CA,21.433334,Drop,zu,1,50
B_no_siege,level_1_1,1,7,0xDC4F97CA,28.300001,Drop,e_liu,1,51
B_no_siege,level_1_1,1,7,0xDC4F97CA,31.600002,Drop,zu,1,52
B_no_siege,level_1_1,1,7,0xDC4F97CA,40.600002,Drop,e_liu,1,53
B_no_siege,level_1_1,1,7,0xDC4F97CA,41.033335,Drop,zu,1,54
B_no_siege,level_1_1,1,7,0xDC4F97CA,52.033336,Drop,e_liu,1,55
B_no_siege,level_1_1,1,7,0xDC4F97CA,55.700003,Drop,zu,1,56
B_no_siege,level_1_1,1,7,0xDC4F97CA,60.833337,Drop,zu,1,57
B_no_siege,level_1_1,1,7,0xDC4F97CA,143.400007,End,,0,57
B_no_siege,level_1_1,1,8,0xF86ED2B1,0,Start,,0,45
B_no_siege,level_1_1,1,8,0xF86ED2B1,2.6,Drop,zu,1,46
B_no_siege,level_1_1,1,8,0xF86ED2B1,7.5,Drop,zu,1,47
B_no_siege,level_1_1,1,8,0xF86ED2B1,12.500001,Drop,zu,1,48
B_no_siege,level_1_1,1,8,0xF86ED2B1,18.733334,Drop,e_liu,1,49
B_no_siege,level_1_1,1,8,0xF86ED2B1,21.533334,Drop,zu,1,50
B_no_siege,level_1_1,1,8,0xF86ED2B1,27.500001,Drop,e_liu,1,51
B_no_siege,level_1_1,1,8,0xF86ED2B1,31.533335,Drop,zu,1,52
B_no_siege,level_1_1,1,8,0xF86ED2B1,40.533335,Drop,e_liu,1,53
B_no_siege,level_1_1,1,8,0xF86ED2B1,41.500002,Drop,zu,1,54
B_no_siege,level_1_1,1,8,0xF86ED2B1,55.033336,Drop,zu,1,55
B_no_siege,level_1_1,1,8,0xF86ED2B1,60.16667,Drop,zu,1,56
B_no_siege,level_1_1,1,8,0xF86ED2B1,66.033337,Drop,zqi,1,57
B_no_siege,level_1_1,1,8,0xF86ED2B1,858.366711,End,,0,57
B_no_siege,level_1_1,1,9,0x6524960D,0,Start,,0,45
B_no_siege,level_1_1,1,9,0x6524960D,2.6,Drop,zu,1,46
B_no_siege,level_1_1,1,9,0x6524960D,7.433334,Drop,zu,1,47
B_no_siege,level_1_1,1,9,0x6524960D,12.433334,Drop,zu,1,48
B_no_siege,level_1_1,1,9,0x6524960D,18.866668,Drop,e_liu,1,49
B_no_siege,level_1_1,1,9,0x6524960D,21.466668,Drop,zu,1,50
B_no_siege,level_1_1,1,9,0x6524960D,27.700001,Drop,e_liu,1,51
B_no_siege,level_1_1,1,9,0x6524960D,31.366668,Drop,zu,1,52
B_no_siege,level_1_1,1,9,0x6524960D,37.433335,Drop,e_liu,1,53
B_no_siege,level_1_1,1,9,0x6524960D,40.766669,Drop,zu,1,54
B_no_siege,level_1_1,1,9,0x6524960D,344.533351,End,,0,54
B_no_siege,level_1_1,1,10,0x0B4CF21F,0,Start,,0,45
B_no_siege,level_1_1,1,10,0x0B4CF21F,2.666667,Drop,zu,1,46
B_no_siege,level_1_1,1,10,0x0B4CF21F,7.466667,Drop,zu,1,47
B_no_siege,level_1_1,1,10,0x0B4CF21F,12.466667,Drop,zu,1,48
B_no_siege,level_1_1,1,10,0x0B4CF21F,20.533334,Drop,e_liu,1,49
B_no_siege,level_1_1,1,10,0x0B4CF21F,21.466668,Drop,zu,1,50
B_no_siege,level_1_1,1,10,0x0B4CF21F,29.533335,Drop,e_liu,1,51
B_no_siege,level_1_1,1,10,0x0B4CF21F,31.033335,Drop,zu,1,52
B_no_siege,level_1_1,1,10,0x0B4CF21F,37.533335,Drop,e_liu,1,53
B_no_siege,level_1_1,1,10,0x0B4CF21F,40.566669,Drop,zu,1,54
B_no_siege,level_1_1,1,10,0x0B4CF21F,51.633336,Drop,e_liu,1,55
B_no_siege,level_1_1,1,10,0x0B4CF21F,55.333336,Drop,zqi,1,56
B_no_siege,level_1_1,1,10,0x0B4CF21F,56.033336,Drop,zu,1,57
B_no_siege,level_1_1,1,10,0x0B4CF21F,60.76667,Drop,zu,1,58
B_no_siege,level_1_1,1,10,0x0B4CF21F,71.06667,Drop,e_liu,1,59
B_no_siege,level_1_1,1,10,0x0B4CF21F,74.733337,Drop,zu,1,60
B_no_siege,level_1_1,1,10,0x0B4CF21F,81.333338,Drop,e_liu,1,61
B_no_siege,level_1_1,1,10,0x0B4CF21F,83.366671,Drop,zqi,1,62
B_no_siege,level_1_1,1,10,0x0B4CF21F,331.133351,End,,0,62
B_no_siege,level_1_5,5,1,0x34E44B98,0,Start,,0,45
B_no_siege,level_1_5,5,1,0x34E44B98,2.566667,Drop,e_lang,1,46
B_no_siege,level_1_5,5,1,0x34E44B98,5.2,Drop,e_lang,1,47
B_no_siege,level_1_5,5,1,0x34E44B98,7.566667,Drop,e_lang,1,48
B_no_siege,level_1_5,5,1,0x34E44B98,12.033334,Drop,e_liu,1,49
B_no_siege,level_1_5,5,1,0x34E44B98,12.766667,Drop,e_lang,1,50
B_no_siege,level_1_5,5,1,0x34E44B98,17.000001,Drop,e_liu,1,51
B_no_siege,level_1_5,5,1,0x34E44B98,18.533334,Drop,e_lang,1,52
B_no_siege,level_1_5,5,1,0x34E44B98,22.033334,Drop,e_liu,1,53
B_no_siege,level_1_5,5,1,0x34E44B98,24.033335,Drop,e_lang,1,54
B_no_siege,level_1_5,5,1,0x34E44B98,443.000023,End,,0,54
B_no_siege,level_1_5,5,2,0x0F75BF33,0,Start,,0,45
B_no_siege,level_1_5,5,2,0x0F75BF33,2.5,Drop,e_lang,1,46
B_no_siege,level_1_5,5,2,0x0F75BF33,5.133334,Drop,e_lang,1,47
B_no_siege,level_1_5,5,2,0x0F75BF33,7.6,Drop,e_lang,1,48
B_no_siege,level_1_5,5,2,0x0F75BF33,13.966667,Drop,e_liu,1,49
B_no_siege,level_1_5,5,2,0x0F75BF33,14.100001,Drop,e_lang,1,50
B_no_siege,level_1_5,5,2,0x0F75BF33,16.700001,Drop,e_liu,1,51
B_no_siege,level_1_5,5,2,0x0F75BF33,18.966668,Drop,e_lang,1,52
B_no_siege,level_1_5,5,2,0x0F75BF33,22.566668,Drop,e_liu,1,53
B_no_siege,level_1_5,5,2,0x0F75BF33,89.566671,End,,0,53
B_no_siege,level_1_5,5,3,0xAAE3EC3A,0,Start,,0,45
B_no_siege,level_1_5,5,3,0xAAE3EC3A,2.5,Drop,e_lang,1,46
B_no_siege,level_1_5,5,3,0xAAE3EC3A,5.233334,Drop,e_lang,1,47
B_no_siege,level_1_5,5,3,0xAAE3EC3A,7.5,Drop,e_lang,1,48
B_no_siege,level_1_5,5,3,0xAAE3EC3A,12.100001,Drop,e_liu,1,49
B_no_siege,level_1_5,5,3,0xAAE3EC3A,12.833334,Drop,e_lang,1,50
B_no_siege,level_1_5,5,3,0xAAE3EC3A,16.933334,Drop,e_liu,1,51
B_no_siege,level_1_5,5,3,0xAAE3EC3A,19.133334,Drop,e_lang,1,52
B_no_siege,level_1_5,5,3,0xAAE3EC3A,22.066668,Drop,e_liu,1,53
B_no_siege,level_1_5,5,3,0xAAE3EC3A,24.133335,Drop,e_lang,1,54
B_no_siege,level_1_5,5,3,0xAAE3EC3A,372.400019,End,,0,54
B_no_siege,level_1_5,5,4,0x3BFC3688,0,Start,,0,45
B_no_siege,level_1_5,5,4,0x3BFC3688,2.5,Drop,e_lang,1,46
B_no_siege,level_1_5,5,4,0x3BFC3688,5.2,Drop,e_lang,1,47
B_no_siege,level_1_5,5,4,0x3BFC3688,7.5,Drop,e_lang,1,48
B_no_siege,level_1_5,5,4,0x3BFC3688,14.500001,Drop,e_liu,1,49
B_no_siege,level_1_5,5,4,0x3BFC3688,17.433334,Drop,e_lang,1,50
B_no_siege,level_1_5,5,4,0x3BFC3688,19.266668,Drop,e_lang,1,51
B_no_siege,level_1_5,5,4,0x3BFC3688,19.500001,Drop,e_liu,1,52
B_no_siege,level_1_5,5,4,0x3BFC3688,23.133335,Drop,e_liu,1,53
B_no_siege,level_1_5,5,4,0x3BFC3688,24.000001,Drop,e_lang,1,54
B_no_siege,level_1_5,5,4,0x3BFC3688,34.133335,Drop,e_lang,1,55
B_no_siege,level_1_5,5,4,0x3BFC3688,35.600002,Drop,zqi,1,56
B_no_siege,level_1_5,5,4,0x3BFC3688,37.800002,Drop,e_liu,1,57
B_no_siege,level_1_5,5,4,0x3BFC3688,95.500005,End,,0,57
B_no_siege,level_1_5,5,5,0x18806BDE,0,Start,,0,45
B_no_siege,level_1_5,5,5,0x18806BDE,2.533333,Drop,e_lang,1,46
B_no_siege,level_1_5,5,5,0x18806BDE,5.1,Drop,e_lang,1,47
B_no_siege,level_1_5,5,5,0x18806BDE,7.633334,Drop,e_lang,1,48
B_no_siege,level_1_5,5,5,0x18806BDE,14.566667,Drop,e_liu,1,49
B_no_siege,level_1_5,5,5,0x18806BDE,22.400001,Drop,e_lang,1,50
B_no_siege,level_1_5,5,5,0x18806BDE,22.566668,Drop,e_liu,1,51
B_no_siege,level_1_5,5,5,0x18806BDE,31.166668,Drop,e_liu,1,52
B_no_siege,level_1_5,5,5,0x18806BDE,33.566668,Drop,e_liu,1,53
B_no_siege,level_1_5,5,5,0x18806BDE,35.466669,Drop,e_lang,1,54
B_no_siege,level_1_5,5,5,0x18806BDE,36.333335,Drop,e_lang,1,55
B_no_siege,level_1_5,5,5,0x18806BDE,37.066669,Drop,e_lang,1,56
B_no_siege,level_1_5,5,5,0x18806BDE,41.466669,Drop,zqi,1,57
B_no_siege,level_1_5,5,5,0x18806BDE,42.466669,Drop,e_liu,1,58
B_no_siege,level_1_5,5,5,0x18806BDE,44.400002,Drop,e_lang,1,59
B_no_siege,level_1_5,5,5,0x18806BDE,79.166671,End,,0,59
B_no_siege,level_1_5,5,6,0xAA8F8543,0,Start,,0,45
B_no_siege,level_1_5,5,6,0xAA8F8543,2.533333,Drop,e_lang,1,46
B_no_siege,level_1_5,5,6,0xAA8F8543,5.1,Drop,e_lang,1,47
B_no_siege,level_1_5,5,6,0xAA8F8543,7.666667,Drop,e_lang,1,48
B_no_siege,level_1_5,5,6,0xAA8F8543,14.466667,Drop,e_liu,1,49
B_no_siege,level_1_5,5,6,0xAA8F8543,15.000001,Drop,e_lang,1,50
B_no_siege,level_1_5,5,6,0xAA8F8543,18.300001,Drop,e_lang,1,51
B_no_siege,level_1_5,5,6,0xAA8F8543,23.133335,Drop,e_lang,1,52
B_no_siege,level_1_5,5,6,0xAA8F8543,29.033335,Drop,e_liu,1,53
B_no_siege,level_1_5,5,6,0xAA8F8543,37.966669,Drop,zqi,1,54
B_no_siege,level_1_5,5,6,0xAA8F8543,90.533338,End,,0,54
B_no_siege,level_1_5,5,7,0x1EDEC250,0,Start,,0,45
B_no_siege,level_1_5,5,7,0x1EDEC250,2.533333,Drop,e_lang,1,46
B_no_siege,level_1_5,5,7,0x1EDEC250,5.333334,Drop,e_lang,1,47
B_no_siege,level_1_5,5,7,0x1EDEC250,7.5,Drop,e_lang,1,48
B_no_siege,level_1_5,5,7,0x1EDEC250,12.066667,Drop,e_liu,1,49
B_no_siege,level_1_5,5,7,0x1EDEC250,12.800001,Drop,e_lang,1,50
B_no_siege,level_1_5,5,7,0x1EDEC250,16.500001,Drop,e_liu,1,51
B_no_siege,level_1_5,5,7,0x1EDEC250,19.133334,Drop,e_lang,1,52
B_no_siege,level_1_5,5,7,0x1EDEC250,21.566668,Drop,e_liu,1,53
B_no_siege,level_1_5,5,7,0x1EDEC250,24.400001,Drop,e_lang,1,54
B_no_siege,level_1_5,5,7,0x1EDEC250,97.400005,End,,0,54
B_no_siege,level_1_5,5,8,0x1400825A,0,Start,,0,45
B_no_siege,level_1_5,5,8,0x1400825A,2.5,Drop,e_lang,1,46
B_no_siege,level_1_5,5,8,0x1400825A,5.333334,Drop,e_lang,1,47
B_no_siege,level_1_5,5,8,0x1400825A,7.466667,Drop,e_lang,1,48
B_no_siege,level_1_5,5,8,0x1400825A,13.166667,Drop,e_lang,1,49
B_no_siege,level_1_5,5,8,0x1400825A,15.633334,Drop,e_liu,1,50
B_no_siege,level_1_5,5,8,0x1400825A,17.833334,Drop,e_liu,1,51
B_no_siege,level_1_5,5,8,0x1400825A,24.833335,Drop,e_liu,1,52
B_no_siege,level_1_5,5,8,0x1400825A,25.566668,Drop,e_lang,1,53
B_no_siege,level_1_5,5,8,0x1400825A,26.300001,Drop,e_lang,1,54
B_no_siege,level_1_5,5,8,0x1400825A,159.166675,End,,0,54
B_no_siege,level_1_5,5,9,0x8D33CF9F,0,Start,,0,45
B_no_siege,level_1_5,5,9,0x8D33CF9F,2.566667,Drop,e_lang,1,46
B_no_siege,level_1_5,5,9,0x8D33CF9F,5.1,Drop,e_lang,1,47
B_no_siege,level_1_5,5,9,0x8D33CF9F,7.6,Drop,e_lang,1,48
B_no_siege,level_1_5,5,9,0x8D33CF9F,12.300001,Drop,e_liu,1,49
B_no_siege,level_1_5,5,9,0x8D33CF9F,13.033334,Drop,e_lang,1,50
B_no_siege,level_1_5,5,9,0x8D33CF9F,16.600001,Drop,e_liu,1,51
B_no_siege,level_1_5,5,9,0x8D33CF9F,17.733334,Drop,e_lang,1,52
B_no_siege,level_1_5,5,9,0x8D33CF9F,21.433334,Drop,e_liu,1,53
B_no_siege,level_1_5,5,9,0x8D33CF9F,24.500001,Drop,e_lang,1,54
B_no_siege,level_1_5,5,9,0x8D33CF9F,29.900002,Drop,e_liu,1,55
B_no_siege,level_1_5,5,9,0x8D33CF9F,75.266671,End,,0,55
B_no_siege,level_1_5,5,10,0x6CCAEA1F,0,Start,,0,45
B_no_siege,level_1_5,5,10,0x6CCAEA1F,2.5,Drop,e_lang,1,46
B_no_siege,level_1_5,5,10,0x6CCAEA1F,5.3,Drop,e_lang,1,47
B_no_siege,level_1_5,5,10,0x6CCAEA1F,7.466667,Drop,e_lang,1,48
B_no_siege,level_1_5,5,10,0x6CCAEA1F,13.466667,Drop,e_liu,1,49
B_no_siege,level_1_5,5,10,0x6CCAEA1F,14.100001,Drop,e_lang,1,50
B_no_siege,level_1_5,5,10,0x6CCAEA1F,16.700001,Drop,e_liu,1,51
B_no_siege,level_1_5,5,10,0x6CCAEA1F,21.800001,Drop,e_lang,1,52
B_no_siege,level_1_5,5,10,0x6CCAEA1F,21.900001,Drop,e_liu,1,53
B_no_siege,level_1_5,5,10,0x6CCAEA1F,25.300001,Drop,e_lang,1,54
B_no_siege,level_1_5,5,10,0x6CCAEA1F,82.366671,End,,0,54
B_fair_s1,level_1_1,1,1,0x00AB49BB,0,Start,,0,45
B_fair_s1,level_1_1,1,1,0x00AB49BB,2.1,Drop,zu,1,46
B_fair_s1,level_1_1,1,1,0x00AB49BB,6.8,Drop,zu,1,47
B_fair_s1,level_1_1,1,1,0x00AB49BB,11.733334,Drop,zu,1,48
B_fair_s1,level_1_1,1,1,0x00AB49BB,17.500001,Drop,e_liu,1,49
B_fair_s1,level_1_1,1,1,0x00AB49BB,23.233335,Drop,zu,1,50
B_fair_s1,level_1_1,1,1,0x00AB49BB,27.266668,Drop,e_liu,1,51
B_fair_s1,level_1_1,1,1,0x00AB49BB,31.033335,Drop,zu,1,52
B_fair_s1,level_1_1,1,1,0x00AB49BB,36.733335,Drop,e_liu,1,53
B_fair_s1,level_1_1,1,1,0x00AB49BB,40.466669,Drop,zu,1,54
B_fair_s1,level_1_1,1,1,0x00AB49BB,53.366669,Drop,zqi,1,55
B_fair_s1,level_1_1,1,1,0x00AB49BB,57.533336,Drop,e_liu,1,56
B_fair_s1,level_1_1,1,1,0x00AB49BB,58.533336,Drop,zu,1,57
B_fair_s1,level_1_1,1,1,0x00AB49BB,61.000003,Drop,zu,1,58
B_fair_s1,level_1_1,1,1,0x00AB49BB,66.900003,Drop,e_liu,1,59
B_fair_s1,level_1_1,1,1,0x00AB49BB,77.466671,Drop,zqi,1,60
B_fair_s1,level_1_1,1,1,0x00AB49BB,79.833337,Drop,zu,1,61
B_fair_s1,level_1_1,1,1,0x00AB49BB,83.100004,Drop,e_liu,1,62
B_fair_s1,level_1_1,1,1,0x00AB49BB,93.266672,Drop,zqi,1,63
B_fair_s1,level_1_1,1,1,0x00AB49BB,117.533339,Drop,e_lang,3,66
B_fair_s1,level_1_1,1,1,0x00AB49BB,118.53334,Drop,e_lang,3,69
B_fair_s1,level_1_1,1,1,0x00AB49BB,1800.000094,End,,0,69
B_fair_s1,level_1_1,1,2,0x5A1FB3D5,0,Start,,0,45
B_fair_s1,level_1_1,1,2,0x5A1FB3D5,2.033333,Drop,zu,1,46
B_fair_s1,level_1_1,1,2,0x5A1FB3D5,6.933334,Drop,zu,1,47
B_fair_s1,level_1_1,1,2,0x5A1FB3D5,11.733334,Drop,zu,1,48
B_fair_s1,level_1_1,1,2,0x5A1FB3D5,17.433334,Drop,e_liu,1,49
B_fair_s1,level_1_1,1,2,0x5A1FB3D5,21.466668,Drop,zu,1,50
B_fair_s1,level_1_1,1,2,0x5A1FB3D5,27.166668,Drop,e_liu,1,51
B_fair_s1,level_1_1,1,2,0x5A1FB3D5,31.466668,Drop,zu,1,52
B_fair_s1,level_1_1,1,2,0x5A1FB3D5,36.500002,Drop,e_liu,1,53
B_fair_s1,level_1_1,1,2,0x5A1FB3D5,40.500002,Drop,zu,1,54
B_fair_s1,level_1_1,1,2,0x5A1FB3D5,54.066669,Drop,zqi,1,55
B_fair_s1,level_1_1,1,2,0x5A1FB3D5,71.800004,Drop,e_liu,1,56
B_fair_s1,level_1_1,1,2,0x5A1FB3D5,72.800004,Drop,zu,1,57
B_fair_s1,level_1_1,1,2,0x5A1FB3D5,74.800004,Drop,zu,1,58
B_fair_s1,level_1_1,1,2,0x5A1FB3D5,77.800004,Drop,e_liu,1,59
B_fair_s1,level_1_1,1,2,0x5A1FB3D5,79.800004,Drop,zu,1,60
B_fair_s1,level_1_1,1,2,0x5A1FB3D5,202.066677,End,,0,60
B_fair_s1,level_1_1,1,3,0x20CDF907,0,Start,,0,45
B_fair_s1,level_1_1,1,3,0x20CDF907,2.066667,Drop,zu,1,46
B_fair_s1,level_1_1,1,3,0x20CDF907,6.933334,Drop,zu,1,47
B_fair_s1,level_1_1,1,3,0x20CDF907,11.766667,Drop,zu,1,48
B_fair_s1,level_1_1,1,3,0x20CDF907,17.500001,Drop,e_liu,1,49
B_fair_s1,level_1_1,1,3,0x20CDF907,21.566668,Drop,zu,1,50
B_fair_s1,level_1_1,1,3,0x20CDF907,27.100001,Drop,e_liu,1,51
B_fair_s1,level_1_1,1,3,0x20CDF907,31.033335,Drop,zu,1,52
B_fair_s1,level_1_1,1,3,0x20CDF907,36.766669,Drop,e_liu,1,53
B_fair_s1,level_1_1,1,3,0x20CDF907,40.633335,Drop,zu,1,54
B_fair_s1,level_1_1,1,3,0x20CDF907,53.433336,Drop,zqi,1,55
B_fair_s1,level_1_1,1,3,0x20CDF907,71.500004,Drop,e_liu,1,56
B_fair_s1,level_1_1,1,3,0x20CDF907,73.500004,Drop,e_liu,1,57
B_fair_s1,level_1_1,1,3,0x20CDF907,74.500004,Drop,zu,1,58
B_fair_s1,level_1_1,1,3,0x20CDF907,82.000004,Drop,zqi,1,59
B_fair_s1,level_1_1,1,3,0x20CDF907,82.500004,Drop,zu,1,60
B_fair_s1,level_1_1,1,3,0x20CDF907,82.800004,Drop,zu,1,61
B_fair_s1,level_1_1,1,3,0x20CDF907,85.000004,Drop,e_liu,1,62
B_fair_s1,level_1_1,1,3,0x20CDF907,153.600008,End,,0,62
B_fair_s1,level_1_1,1,4,0x624788D1,0,Start,,0,45
B_fair_s1,level_1_1,1,4,0x624788D1,2.033333,Drop,zu,1,46
B_fair_s1,level_1_1,1,4,0x624788D1,6.933334,Drop,zu,1,47
B_fair_s1,level_1_1,1,4,0x624788D1,11.733334,Drop,zu,1,48
B_fair_s1,level_1_1,1,4,0x624788D1,17.533334,Drop,e_liu,1,49
B_fair_s1,level_1_1,1,4,0x624788D1,21.633334,Drop,zu,1,50
B_fair_s1,level_1_1,1,4,0x624788D1,27.166668,Drop,e_liu,1,51
B_fair_s1,level_1_1,1,4,0x624788D1,30.933335,Drop,zu,1,52
B_fair_s1,level_1_1,1,4,0x624788D1,36.600002,Drop,e_liu,1,53
B_fair_s1,level_1_1,1,4,0x624788D1,40.666669,Drop,zu,1,54
B_fair_s1,level_1_1,1,4,0x624788D1,77.933337,Drop,zqi,1,55
B_fair_s1,level_1_1,1,4,0x624788D1,452.600024,End,,0,55
B_fair_s1,level_1_1,1,5,0xF8E1CE9F,0,Start,,0,45
B_fair_s1,level_1_1,1,5,0xF8E1CE9F,2.033333,Drop,zu,1,46
B_fair_s1,level_1_1,1,5,0xF8E1CE9F,6.933334,Drop,zu,1,47
B_fair_s1,level_1_1,1,5,0xF8E1CE9F,11.766667,Drop,zu,1,48
B_fair_s1,level_1_1,1,5,0xF8E1CE9F,17.500001,Drop,e_liu,1,49
B_fair_s1,level_1_1,1,5,0xF8E1CE9F,21.200001,Drop,zu,1,50
B_fair_s1,level_1_1,1,5,0xF8E1CE9F,27.233335,Drop,e_liu,1,51
B_fair_s1,level_1_1,1,5,0xF8E1CE9F,30.966668,Drop,zu,1,52
B_fair_s1,level_1_1,1,5,0xF8E1CE9F,36.666669,Drop,e_liu,1,53
B_fair_s1,level_1_1,1,5,0xF8E1CE9F,40.700002,Drop,zu,1,54
B_fair_s1,level_1_1,1,5,0xF8E1CE9F,54.733336,Drop,e_liu,1,55
B_fair_s1,level_1_1,1,5,0xF8E1CE9F,57.533336,Drop,zu,1,56
B_fair_s1,level_1_1,1,5,0xF8E1CE9F,61.200003,Drop,zu,1,57
B_fair_s1,level_1_1,1,5,0xF8E1CE9F,62.200003,Drop,zqi,1,58
B_fair_s1,level_1_1,1,5,0xF8E1CE9F,66.56667,Drop,e_liu,1,59
B_fair_s1,level_1_1,1,5,0xF8E1CE9F,151.700008,End,,0,59
B_fair_s1,level_1_1,1,6,0xE77B8EC6,0,Start,,0,45
B_fair_s1,level_1_1,1,6,0xE77B8EC6,2.033333,Drop,zu,1,46
B_fair_s1,level_1_1,1,6,0xE77B8EC6,6.966667,Drop,zu,1,47
B_fair_s1,level_1_1,1,6,0xE77B8EC6,11.833334,Drop,zu,1,48
B_fair_s1,level_1_1,1,6,0xE77B8EC6,17.633334,Drop,e_liu,1,49
B_fair_s1,level_1_1,1,6,0xE77B8EC6,21.400001,Drop,zu,1,50
B_fair_s1,level_1_1,1,6,0xE77B8EC6,27.066668,Drop,e_liu,1,51
B_fair_s1,level_1_1,1,6,0xE77B8EC6,31.200002,Drop,zu,1,52
B_fair_s1,level_1_1,1,6,0xE77B8EC6,36.500002,Drop,e_liu,1,53
B_fair_s1,level_1_1,1,6,0xE77B8EC6,40.533335,Drop,zu,1,54
B_fair_s1,level_1_1,1,6,0xE77B8EC6,51.200003,Drop,zqi,1,55
B_fair_s1,level_1_1,1,6,0xE77B8EC6,53.200003,Drop,e_liu,1,56
B_fair_s1,level_1_1,1,6,0xE77B8EC6,55.46667,Drop,zu,1,57
B_fair_s1,level_1_1,1,6,0xE77B8EC6,59.833336,Drop,zu,1,58
B_fair_s1,level_1_1,1,6,0xE77B8EC6,65.66667,Drop,e_liu,1,59
B_fair_s1,level_1_1,1,6,0xE77B8EC6,77.166671,Drop,zqi,1,60
B_fair_s1,level_1_1,1,6,0xE77B8EC6,79.200004,Drop,zu,1,61
B_fair_s1,level_1_1,1,6,0xE77B8EC6,82.800004,Drop,e_liu,1,62
B_fair_s1,level_1_1,1,6,0xE77B8EC6,101.866672,Drop,zqi,1,63
B_fair_s1,level_1_1,1,6,0xE77B8EC6,156.266675,End,,0,63
B_fair_s1,level_1_1,1,7,0x42C3B777,0,Start,,0,45
B_fair_s1,level_1_1,1,7,0x42C3B777,2.033333,Drop,zu,1,46
B_fair_s1,level_1_1,1,7,0x42C3B777,6.966667,Drop,zu,1,47
B_fair_s1,level_1_1,1,7,0x42C3B777,11.733334,Drop,zu,1,48
B_fair_s1,level_1_1,1,7,0x42C3B777,17.433334,Drop,e_liu,1,49
B_fair_s1,level_1_1,1,7,0x42C3B777,21.466668,Drop,zu,1,50
B_fair_s1,level_1_1,1,7,0x42C3B777,27.000001,Drop,e_liu,1,51
B_fair_s1,level_1_1,1,7,0x42C3B777,31.166668,Drop,zu,1,52
B_fair_s1,level_1_1,1,7,0x42C3B777,36.666669,Drop,e_liu,1,53
B_fair_s1,level_1_1,1,7,0x42C3B777,40.466669,Drop,zu,1,54
B_fair_s1,level_1_1,1,7,0x42C3B777,54.500003,Drop,zqi,1,55
B_fair_s1,level_1_1,1,7,0x42C3B777,72.86667,Drop,e_liu,1,56
B_fair_s1,level_1_1,1,7,0x42C3B777,73.100004,Drop,zu,1,57
B_fair_s1,level_1_1,1,7,0x42C3B777,73.866671,Drop,zu,1,58
B_fair_s1,level_1_1,1,7,0x42C3B777,81.333338,Drop,zu,1,59
B_fair_s1,level_1_1,1,7,0x42C3B777,174.500009,End,,0,59
B_fair_s1,level_1_1,1,8,0xB184E141,0,Start,,0,45
B_fair_s1,level_1_1,1,8,0xB184E141,2.033333,Drop,zu,1,46
B_fair_s1,level_1_1,1,8,0xB184E141,6.933334,Drop,zu,1,47
B_fair_s1,level_1_1,1,8,0xB184E141,11.933334,Drop,zu,1,48
B_fair_s1,level_1_1,1,8,0xB184E141,17.400001,Drop,e_liu,1,49
B_fair_s1,level_1_1,1,8,0xB184E141,21.400001,Drop,zu,1,50
B_fair_s1,level_1_1,1,8,0xB184E141,27.133335,Drop,e_liu,1,51
B_fair_s1,level_1_1,1,8,0xB184E141,30.866668,Drop,zu,1,52
B_fair_s1,level_1_1,1,8,0xB184E141,36.933335,Drop,e_liu,1,53
B_fair_s1,level_1_1,1,8,0xB184E141,40.400002,Drop,zu,1,54
B_fair_s1,level_1_1,1,8,0xB184E141,53.433336,Drop,zqi,1,55
B_fair_s1,level_1_1,1,8,0xB184E141,59.200003,Drop,e_liu,1,56
B_fair_s1,level_1_1,1,8,0xB184E141,60.200003,Drop,zu,1,57
B_fair_s1,level_1_1,1,8,0xB184E141,61.800003,Drop,zu,1,58
B_fair_s1,level_1_1,1,8,0xB184E141,67.200004,Drop,e_liu,1,59
B_fair_s1,level_1_1,1,8,0xB184E141,77.566671,Drop,zqi,1,60
B_fair_s1,level_1_1,1,8,0xB184E141,80.033338,Drop,zu,1,61
B_fair_s1,level_1_1,1,8,0xB184E141,83.233338,Drop,e_liu,1,62
B_fair_s1,level_1_1,1,8,0xB184E141,102.066672,Drop,zqi,1,63
B_fair_s1,level_1_1,1,8,0xB184E141,595.566698,End,,0,63
B_fair_s1,level_1_1,1,9,0x98362577,0,Start,,0,45
B_fair_s1,level_1_1,1,9,0x98362577,2.033333,Drop,zu,1,46
B_fair_s1,level_1_1,1,9,0x98362577,7.033334,Drop,zu,1,47
B_fair_s1,level_1_1,1,9,0x98362577,11.733334,Drop,zu,1,48
B_fair_s1,level_1_1,1,9,0x98362577,17.533334,Drop,e_liu,1,49
B_fair_s1,level_1_1,1,9,0x98362577,21.600001,Drop,zu,1,50
B_fair_s1,level_1_1,1,9,0x98362577,27.366668,Drop,e_liu,1,51
B_fair_s1,level_1_1,1,9,0x98362577,31.000002,Drop,zu,1,52
B_fair_s1,level_1_1,1,9,0x98362577,36.766669,Drop,e_liu,1,53
B_fair_s1,level_1_1,1,9,0x98362577,40.466669,Drop,zu,1,54
B_fair_s1,level_1_1,1,9,0x98362577,65.46667,Drop,zqi,1,55
B_fair_s1,level_1_1,1,9,0x98362577,328.53335,End,,0,55
B_fair_s1,level_1_1,1,10,0xCF858C5B,0,Start,,0,45
B_fair_s1,level_1_1,1,10,0xCF858C5B,2.033333,Drop,zu,1,46
B_fair_s1,level_1_1,1,10,0xCF858C5B,7.033334,Drop,zu,1,47
B_fair_s1,level_1_1,1,10,0xCF858C5B,11.733334,Drop,zu,1,48
B_fair_s1,level_1_1,1,10,0xCF858C5B,17.533334,Drop,e_liu,1,49
B_fair_s1,level_1_1,1,10,0xCF858C5B,21.300001,Drop,zu,1,50
B_fair_s1,level_1_1,1,10,0xCF858C5B,27.000001,Drop,e_liu,1,51
B_fair_s1,level_1_1,1,10,0xCF858C5B,31.033335,Drop,zu,1,52
B_fair_s1,level_1_1,1,10,0xCF858C5B,36.800002,Drop,e_liu,1,53
B_fair_s1,level_1_1,1,10,0xCF858C5B,40.533335,Drop,zu,1,54
B_fair_s1,level_1_1,1,10,0xCF858C5B,53.366669,Drop,zqi,1,55
B_fair_s1,level_1_1,1,10,0xCF858C5B,72.233337,Drop,e_liu,1,56
B_fair_s1,level_1_1,1,10,0xCF858C5B,73.233337,Drop,zu,1,57
B_fair_s1,level_1_1,1,10,0xCF858C5B,74.233337,Drop,zu,1,58
B_fair_s1,level_1_1,1,10,0xCF858C5B,77.233337,Drop,e_liu,1,59
B_fair_s1,level_1_1,1,10,0xCF858C5B,79.266671,Drop,zu,1,60
B_fair_s1,level_1_1,1,10,0xCF858C5B,145.166674,End,,0,60
B_fair_s1,level_1_5,5,1,0xBFD4B8DC,0,Start,,0,45
B_fair_s1,level_1_5,5,1,0xBFD4B8DC,2.033333,Drop,e_lang,1,46
B_fair_s1,level_1_5,5,1,0xBFD4B8DC,4.733334,Drop,e_lang,1,47
B_fair_s1,level_1_5,5,1,0xBFD4B8DC,7.233334,Drop,e_lang,1,48
B_fair_s1,level_1_5,5,1,0xBFD4B8DC,10.966667,Drop,e_liu,1,49
B_fair_s1,level_1_5,5,1,0xBFD4B8DC,12.500001,Drop,e_lang,1,50
B_fair_s1,level_1_5,5,1,0xBFD4B8DC,16.233334,Drop,e_liu,1,51
B_fair_s1,level_1_5,5,1,0xBFD4B8DC,18.000001,Drop,e_lang,1,52
B_fair_s1,level_1_5,5,1,0xBFD4B8DC,21.233334,Drop,e_liu,1,53
B_fair_s1,level_1_5,5,1,0xBFD4B8DC,22.933335,Drop,e_lang,1,54
B_fair_s1,level_1_5,5,1,0xBFD4B8DC,34.866668,Drop,zqi,1,55
B_fair_s1,level_1_5,5,1,0xBFD4B8DC,52.233336,Drop,zqi,1,56
B_fair_s1,level_1_5,5,1,0xBFD4B8DC,65.500003,Drop,zqi,1,57
B_fair_s1,level_1_5,5,1,0xBFD4B8DC,97.400005,End,,0,57
B_fair_s1,level_1_5,5,2,0x312ABBDB,0,Start,,0,45
B_fair_s1,level_1_5,5,2,0x312ABBDB,2.033333,Drop,e_lang,1,46
B_fair_s1,level_1_5,5,2,0x312ABBDB,4.833334,Drop,e_lang,1,47
B_fair_s1,level_1_5,5,2,0x312ABBDB,7.3,Drop,e_lang,1,48
B_fair_s1,level_1_5,5,2,0x312ABBDB,10.933334,Drop,e_liu,1,49
B_fair_s1,level_1_5,5,2,0x312ABBDB,12.933334,Drop,e_lang,1,50
B_fair_s1,level_1_5,5,2,0x312ABBDB,16.300001,Drop,e_liu,1,51
B_fair_s1,level_1_5,5,2,0x312ABBDB,17.966668,Drop,e_lang,1,52
B_fair_s1,level_1_5,5,2,0x312ABBDB,21.333334,Drop,e_liu,1,53
B_fair_s1,level_1_5,5,2,0x312ABBDB,23.333335,Drop,e_lang,1,54
B_fair_s1,level_1_5,5,2,0x312ABBDB,30.266668,Drop,e_liu,1,55
B_fair_s1,level_1_5,5,2,0x312ABBDB,33.766668,Drop,e_lang,1,56
B_fair_s1,level_1_5,5,2,0x312ABBDB,92.133338,End,,0,56
B_fair_s1,level_1_5,5,3,0xAC6CF693,0,Start,,0,45
B_fair_s1,level_1_5,5,3,0xAC6CF693,2.2,Drop,e_lang,1,46
B_fair_s1,level_1_5,5,3,0xAC6CF693,4.633334,Drop,e_lang,1,47
B_fair_s1,level_1_5,5,3,0xAC6CF693,7.2,Drop,e_lang,1,48
B_fair_s1,level_1_5,5,3,0xAC6CF693,10.900001,Drop,e_liu,1,49
B_fair_s1,level_1_5,5,3,0xAC6CF693,12.766667,Drop,e_lang,1,50
B_fair_s1,level_1_5,5,3,0xAC6CF693,16.400001,Drop,e_liu,1,51
B_fair_s1,level_1_5,5,3,0xAC6CF693,21.800001,Drop,e_liu,1,52
B_fair_s1,level_1_5,5,3,0xAC6CF693,22.100001,Drop,e_lang,1,53
B_fair_s1,level_1_5,5,3,0xAC6CF693,23.833335,Drop,e_lang,1,54
B_fair_s1,level_1_5,5,3,0xAC6CF693,34.700002,Drop,zqi,1,55
B_fair_s1,level_1_5,5,3,0xAC6CF693,37.700002,Drop,e_liu,1,56
B_fair_s1,level_1_5,5,3,0xAC6CF693,87.566671,End,,0,56
B_fair_s1,level_1_5,5,4,0x656F764C,0,Start,,0,45
B_fair_s1,level_1_5,5,4,0x656F764C,2.2,Drop,e_lang,1,46
B_fair_s1,level_1_5,5,4,0x656F764C,4.7,Drop,e_lang,1,47
B_fair_s1,level_1_5,5,4,0x656F764C,7.2,Drop,e_lang,1,48
B_fair_s1,level_1_5,5,4,0x656F764C,10.833334,Drop,e_liu,1,49
B_fair_s1,level_1_5,5,4,0x656F764C,12.733334,Drop,e_lang,1,50
B_fair_s1,level_1_5,5,4,0x656F764C,16.066668,Drop,e_liu,1,51
B_fair_s1,level_1_5,5,4,0x656F764C,17.800001,Drop,e_lang,1,52
B_fair_s1,level_1_5,5,4,0x656F764C,22.433335,Drop,e_liu,1,53
B_fair_s1,level_1_5,5,4,0x656F764C,23.100001,Drop,e_lang,1,54
B_fair_s1,level_1_5,5,4,0x656F764C,30.800002,Drop,e_liu,1,55
B_fair_s1,level_1_5,5,4,0x656F764C,82.500004,End,,0,55
B_fair_s1,level_1_5,5,5,0xFF70C07F,0,Start,,0,45
B_fair_s1,level_1_5,5,5,0xFF70C07F,2.2,Drop,e_lang,1,46
B_fair_s1,level_1_5,5,5,0xFF70C07F,4.666667,Drop,e_lang,1,47
B_fair_s1,level_1_5,5,5,0xFF70C07F,7.2,Drop,e_lang,1,48
B_fair_s1,level_1_5,5,5,0xFF70C07F,10.800001,Drop,e_liu,1,49
B_fair_s1,level_1_5,5,5,0xFF70C07F,12.700001,Drop,e_lang,1,50
B_fair_s1,level_1_5,5,5,0xFF70C07F,16.033334,Drop,e_liu,1,51
B_fair_s1,level_1_5,5,5,0xFF70C07F,17.866668,Drop,e_lang,1,52
B_fair_s1,level_1_5,5,5,0xFF70C07F,21.466668,Drop,e_liu,1,53
B_fair_s1,level_1_5,5,5,0xFF70C07F,22.800001,Drop,e_lang,1,54
B_fair_s1,level_1_5,5,5,0xFF70C07F,34.766668,Drop,zqi,1,55
B_fair_s1,level_1_5,5,5,0xFF70C07F,37.866669,Drop,e_lang,1,56
B_fair_s1,level_1_5,5,5,0xFF70C07F,38.866669,Drop,e_lang,1,57
B_fair_s1,level_1_5,5,5,0xFF70C07F,45.333336,Drop,e_lang,1,58
B_fair_s1,level_1_5,5,5,0xFF70C07F,88.633338,End,,0,58
B_fair_s1,level_1_5,5,6,0x08952BC0,0,Start,,0,45
B_fair_s1,level_1_5,5,6,0x08952BC0,2.2,Drop,e_lang,1,46
B_fair_s1,level_1_5,5,6,0x08952BC0,4.766667,Drop,e_lang,1,47
B_fair_s1,level_1_5,5,6,0x08952BC0,7.266667,Drop,e_lang,1,48
B_fair_s1,level_1_5,5,6,0x08952BC0,10.366667,Drop,e_liu,1,49
B_fair_s1,level_1_5,5,6,0x08952BC0,12.533334,Drop,e_lang,1,50
B_fair_s1,level_1_5,5,6,0x08952BC0,16.033334,Drop,e_liu,1,51
B_fair_s1,level_1_5,5,6,0x08952BC0,17.900001,Drop,e_lang,1,52
B_fair_s1,level_1_5,5,6,0x08952BC0,21.433334,Drop,e_liu,1,53
B_fair_s1,level_1_5,5,6,0x08952BC0,22.800001,Drop,e_lang,1,54
B_fair_s1,level_1_5,5,6,0x08952BC0,35.166669,Drop,zqi,1,55
B_fair_s1,level_1_5,5,6,0x08952BC0,36.500002,Drop,e_liu,1,56
B_fair_s1,level_1_5,5,6,0x08952BC0,39.500002,Drop,e_liu,1,57
B_fair_s1,level_1_5,5,6,0x08952BC0,42.833336,Drop,e_lang,1,58
B_fair_s1,level_1_5,5,6,0x08952BC0,43.833336,Drop,e_lang,1,59
B_fair_s1,level_1_5,5,6,0x08952BC0,44.833336,Drop,e_lang,1,60
B_fair_s1,level_1_5,5,6,0x08952BC0,51.966669,Drop,zqi,1,61
B_fair_s1,level_1_5,5,6,0x08952BC0,63.500003,Drop,zqi,1,62
B_fair_s1,level_1_5,5,6,0x08952BC0,118.700006,End,,0,62
B_fair_s1,level_1_5,5,7,0x1042DBF6,0,Start,,0,45
B_fair_s1,level_1_5,5,7,0x1042DBF6,2.033333,Drop,e_lang,1,46
B_fair_s1,level_1_5,5,7,0x1042DBF6,4.833334,Drop,e_lang,1,47
B_fair_s1,level_1_5,5,7,0x1042DBF6,7.333334,Drop,e_lang,1,48
B_fair_s1,level_1_5,5,7,0x1042DBF6,10.833334,Drop,e_liu,1,49
B_fair_s1,level_1_5,5,7,0x1042DBF6,12.666667,Drop,e_lang,1,50
B_fair_s1,level_1_5,5,7,0x1042DBF6,16.100001,Drop,e_liu,1,51
B_fair_s1,level_1_5,5,7,0x1042DBF6,17.633334,Drop,e_lang,1,52
B_fair_s1,level_1_5,5,7,0x1042DBF6,21.533334,Drop,e_liu,1,53
B_fair_s1,level_1_5,5,7,0x1042DBF6,22.900001,Drop,e_lang,1,54
B_fair_s1,level_1_5,5,7,0x1042DBF6,35.100002,Drop,zqi,1,55
B_fair_s1,level_1_5,5,7,0x1042DBF6,47.400002,Drop,e_lang,1,56
B_fair_s1,level_1_5,5,7,0x1042DBF6,50.400003,Drop,e_liu,1,57
B_fair_s1,level_1_5,5,7,0x1042DBF6,51.400003,Drop,e_lang,1,58
B_fair_s1,level_1_5,5,7,0x1042DBF6,124.066673,End,,0,58
B_fair_s1,level_1_5,5,8,0x2CBBF368,0,Start,,0,45
B_fair_s1,level_1_5,5,8,0x2CBBF368,2.233333,Drop,e_lang,1,46
B_fair_s1,level_1_5,5,8,0x2CBBF368,5.1,Drop,e_lang,1,47
B_fair_s1,level_1_5,5,8,0x2CBBF368,7.233334,Drop,e_lang,1,48
B_fair_s1,level_1_5,5,8,0x2CBBF368,10.800001,Drop,e_liu,1,49
B_fair_s1,level_1_5,5,8,0x2CBBF368,12.466667,Drop,e_lang,1,50
B_fair_s1,level_1_5,5,8,0x2CBBF368,15.166667,Drop,e_liu,1,51
B_fair_s1,level_1_5,5,8,0x2CBBF368,17.600001,Drop,e_lang,1,52
B_fair_s1,level_1_5,5,8,0x2CBBF368,20.366668,Drop,e_liu,1,53
B_fair_s1,level_1_5,5,8,0x2CBBF368,23.133335,Drop,e_lang,1,54
B_fair_s1,level_1_5,5,8,0x2CBBF368,28.800002,Drop,e_liu,1,55
B_fair_s1,level_1_5,5,8,0x2CBBF368,97.333338,End,,0,55
B_fair_s1,level_1_5,5,9,0x080D9A63,0,Start,,0,45
B_fair_s1,level_1_5,5,9,0x080D9A63,2.166667,Drop,e_lang,1,46
B_fair_s1,level_1_5,5,9,0x080D9A63,5.233334,Drop,e_lang,1,47
B_fair_s1,level_1_5,5,9,0x080D9A63,7.566667,Drop,e_lang,1,48
B_fair_s1,level_1_5,5,9,0x080D9A63,10.833334,Drop,e_liu,1,49
B_fair_s1,level_1_5,5,9,0x080D9A63,12.700001,Drop,e_lang,1,50
B_fair_s1,level_1_5,5,9,0x080D9A63,17.200001,Drop,e_liu,1,51
B_fair_s1,level_1_5,5,9,0x080D9A63,17.666668,Drop,e_lang,1,52
B_fair_s1,level_1_5,5,9,0x080D9A63,22.233334,Drop,e_liu,1,53
B_fair_s1,level_1_5,5,9,0x080D9A63,23.300001,Drop,e_lang,1,54
B_fair_s1,level_1_5,5,9,0x080D9A63,31.033335,Drop,e_liu,1,55
B_fair_s1,level_1_5,5,9,0x080D9A63,31.833335,Drop,e_lang,1,56
B_fair_s1,level_1_5,5,9,0x080D9A63,34.400002,Drop,e_lang,1,57
B_fair_s1,level_1_5,5,9,0x080D9A63,38.633335,Drop,e_liu,1,58
B_fair_s1,level_1_5,5,9,0x080D9A63,42.966669,Drop,e_lang,1,59
B_fair_s1,level_1_5,5,9,0x080D9A63,52.533336,Drop,zqi,1,60
B_fair_s1,level_1_5,5,9,0x080D9A63,155.233341,End,,0,60
B_fair_s1,level_1_5,5,10,0xD3755FA3,0,Start,,0,45
B_fair_s1,level_1_5,5,10,0xD3755FA3,2.2,Drop,e_lang,1,46
B_fair_s1,level_1_5,5,10,0xD3755FA3,4.633334,Drop,e_lang,1,47
B_fair_s1,level_1_5,5,10,0xD3755FA3,7.2,Drop,e_lang,1,48
B_fair_s1,level_1_5,5,10,0xD3755FA3,10.900001,Drop,e_liu,1,49
B_fair_s1,level_1_5,5,10,0xD3755FA3,12.833334,Drop,e_lang,1,50
B_fair_s1,level_1_5,5,10,0xD3755FA3,16.266668,Drop,e_liu,1,51
B_fair_s1,level_1_5,5,10,0xD3755FA3,17.733334,Drop,e_lang,1,52
B_fair_s1,level_1_5,5,10,0xD3755FA3,22.000001,Drop,e_liu,1,53
B_fair_s1,level_1_5,5,10,0xD3755FA3,23.100001,Drop,e_lang,1,54
B_fair_s1,level_1_5,5,10,0xD3755FA3,29.966668,Drop,e_liu,1,55
B_fair_s1,level_1_5,5,10,0xD3755FA3,35.100002,Drop,zqi,1,56
B_fair_s1,level_1_5,5,10,0xD3755FA3,36.966669,Drop,e_liu,1,57
B_fair_s1,level_1_5,5,10,0xD3755FA3,38.933335,Drop,e_lang,1,58
B_fair_s1,level_1_5,5,10,0xD3755FA3,39.233335,Drop,e_lang,1,59
B_fair_s1,level_1_5,5,10,0xD3755FA3,42.933336,Drop,e_lang,1,60
B_fair_s1,level_1_5,5,10,0xD3755FA3,268.666681,End,,0,60
B_fair_s5,level_1_1,1,1,0x68A17F83,0,Start,,0,45
B_fair_s5,level_1_1,1,1,0x68A17F83,2.066667,Drop,zu,1,46
B_fair_s5,level_1_1,1,1,0x68A17F83,6.933334,Drop,zu,1,47
B_fair_s5,level_1_1,1,1,0x68A17F83,11.733334,Drop,zu,1,48
B_fair_s5,level_1_1,1,1,0x68A17F83,17.566668,Drop,e_liu,1,49
B_fair_s5,level_1_1,1,1,0x68A17F83,21.200001,Drop,zu,1,50
B_fair_s5,level_1_1,1,1,0x68A17F83,26.100001,Drop,e_liu,1,51
B_fair_s5,level_1_1,1,1,0x68A17F83,30.800002,Drop,zu,1,52
B_fair_s5,level_1_1,1,1,0x68A17F83,36.400002,Drop,e_liu,1,53
B_fair_s5,level_1_1,1,1,0x68A17F83,40.700002,Drop,zu,1,54
B_fair_s5,level_1_1,1,1,0x68A17F83,48.133336,Drop,zqi,1,55
B_fair_s5,level_1_1,1,1,0x68A17F83,52.900003,Drop,e_liu,1,56
B_fair_s5,level_1_1,1,1,0x68A17F83,55.333336,Drop,zu,1,57
B_fair_s5,level_1_1,1,1,0x68A17F83,59.900003,Drop,zu,1,58
B_fair_s5,level_1_1,1,1,0x68A17F83,66.86667,Drop,e_liu,1,59
B_fair_s5,level_1_1,1,1,0x68A17F83,76.966671,Drop,zu,1,60
B_fair_s5,level_1_1,1,1,0x68A17F83,77.400004,Drop,zqi,1,61
B_fair_s5,level_1_1,1,1,0x68A17F83,82.633338,Drop,e_liu,1,62
B_fair_s5,level_1_1,1,1,0x68A17F83,88.966671,Drop,zqi,1,63
B_fair_s5,level_1_1,1,1,0x68A17F83,91.333338,Drop,e_lang,3,66
B_fair_s5,level_1_1,1,1,0x68A17F83,104.966672,Drop,e_lang,3,69
B_fair_s5,level_1_1,1,1,0x68A17F83,1800.000094,End,,0,69
B_fair_s5,level_1_1,1,2,0xAD76B94B,0,Start,,0,45
B_fair_s5,level_1_1,1,2,0xAD76B94B,2.033333,Drop,zu,1,46
B_fair_s5,level_1_1,1,2,0xAD76B94B,6.866667,Drop,zu,1,47
B_fair_s5,level_1_1,1,2,0xAD76B94B,11.700001,Drop,zu,1,48
B_fair_s5,level_1_1,1,2,0xAD76B94B,16.600001,Drop,e_liu,1,49
B_fair_s5,level_1_1,1,2,0xAD76B94B,21.200001,Drop,zu,1,50
B_fair_s5,level_1_1,1,2,0xAD76B94B,26.466668,Drop,e_liu,1,51
B_fair_s5,level_1_1,1,2,0xAD76B94B,30.800002,Drop,zu,1,52
B_fair_s5,level_1_1,1,2,0xAD76B94B,35.600002,Drop,e_liu,1,53
B_fair_s5,level_1_1,1,2,0xAD76B94B,40.500002,Drop,zu,1,54
B_fair_s5,level_1_1,1,2,0xAD76B94B,47.900002,Drop,zqi,1,55
B_fair_s5,level_1_1,1,2,0xAD76B94B,52.833336,Drop,e_liu,1,56
B_fair_s5,level_1_1,1,2,0xAD76B94B,55.26667,Drop,zu,1,57
B_fair_s5,level_1_1,1,2,0xAD76B94B,59.900003,Drop,zu,1,58
B_fair_s5,level_1_1,1,2,0xAD76B94B,66.96667,Drop,e_liu,1,59
B_fair_s5,level_1_1,1,2,0xAD76B94B,72.433337,Drop,zqi,1,60
B_fair_s5,level_1_1,1,2,0xAD76B94B,75.133337,Drop,zu,1,61
B_fair_s5,level_1_1,1,2,0xAD76B94B,81.533338,Drop,e_liu,1,62
B_fair_s5,level_1_1,1,2,0xAD76B94B,85.866671,Drop,zqi,1,63
B_fair_s5,level_1_1,1,2,0xAD76B94B,90.033338,Drop,e_lang,3,66
B_fair_s5,level_1_1,1,2,0xAD76B94B,104.666672,Drop,e_lang,3,69
B_fair_s5,level_1_1,1,2,0xAD76B94B,1800.000094,End,,0,69
B_fair_s5,level_1_1,1,3,0x31A368E4,0,Start,,0,45
B_fair_s5,level_1_1,1,3,0x31A368E4,2.1,Drop,zu,1,46
B_fair_s5,level_1_1,1,3,0x31A368E4,6.933334,Drop,zu,1,47
B_fair_s5,level_1_1,1,3,0x31A368E4,12.233334,Drop,zu,1,48
B_fair_s5,level_1_1,1,3,0x31A368E4,17.200001,Drop,e_liu,1,49
B_fair_s5,level_1_1,1,3,0x31A368E4,21.200001,Drop,zu,1,50
B_fair_s5,level_1_1,1,3,0x31A368E4,26.900001,Drop,e_liu,1,51
B_fair_s5,level_1_1,1,3,0x31A368E4,31.100002,Drop,zu,1,52
B_fair_s5,level_1_1,1,3,0x31A368E4,36.400002,Drop,e_liu,1,53
B_fair_s5,level_1_1,1,3,0x31A368E4,40.566669,Drop,zu,1,54
B_fair_s5,level_1_1,1,3,0x31A368E4,50.200003,Drop,zqi,1,55
B_fair_s5,level_1_1,1,3,0x31A368E4,54.066669,Drop,e_liu,1,56
B_fair_s5,level_1_1,1,3,0x31A368E4,56.300003,Drop,zu,1,57
B_fair_s5,level_1_1,1,3,0x31A368E4,60.600003,Drop,zu,1,58
B_fair_s5,level_1_1,1,3,0x31A368E4,67.100003,Drop,e_liu,1,59
B_fair_s5,level_1_1,1,3,0x31A368E4,77.166671,Drop,zu,1,60
B_fair_s5,level_1_1,1,3,0x31A368E4,77.633337,Drop,zqi,1,61
B_fair_s5,level_1_1,1,3,0x31A368E4,82.800004,Drop,e_liu,1,62
B_fair_s5,level_1_1,1,3,0x31A368E4,93.500005,Drop,zqi,1,63
B_fair_s5,level_1_1,1,3,0x31A368E4,93.666672,Drop,e_lang,3,66
B_fair_s5,level_1_1,1,3,0x31A368E4,170.233342,End,,0,66
B_fair_s5,level_1_1,1,4,0xCB4711DB,0,Start,,0,45
B_fair_s5,level_1_1,1,4,0xCB4711DB,2.066667,Drop,zu,1,46
B_fair_s5,level_1_1,1,4,0xCB4711DB,6.933334,Drop,zu,1,47
B_fair_s5,level_1_1,1,4,0xCB4711DB,11.733334,Drop,zu,1,48
B_fair_s5,level_1_1,1,4,0xCB4711DB,16.733334,Drop,e_liu,1,49
B_fair_s5,level_1_1,1,4,0xCB4711DB,21.333334,Drop,zu,1,50
B_fair_s5,level_1_1,1,4,0xCB4711DB,27.266668,Drop,e_liu,1,51
B_fair_s5,level_1_1,1,4,0xCB4711DB,31.133335,Drop,zu,1,52
B_fair_s5,level_1_1,1,4,0xCB4711DB,36.733335,Drop,e_liu,1,53
B_fair_s5,level_1_1,1,4,0xCB4711DB,40.400002,Drop,zu,1,54
B_fair_s5,level_1_1,1,4,0xCB4711DB,52.233336,Drop,zqi,1,55
B_fair_s5,level_1_1,1,4,0xCB4711DB,53.900003,Drop,e_liu,1,56
B_fair_s5,level_1_1,1,4,0xCB4711DB,56.100003,Drop,zu,1,57
B_fair_s5,level_1_1,1,4,0xCB4711DB,60.400003,Drop,zu,1,58
B_fair_s5,level_1_1,1,4,0xCB4711DB,67.100003,Drop,e_liu,1,59
B_fair_s5,level_1_1,1,4,0xCB4711DB,77.200004,Drop,zu,1,60
B_fair_s5,level_1_1,1,4,0xCB4711DB,77.900004,Drop,zqi,1,61
B_fair_s5,level_1_1,1,4,0xCB4711DB,82.866671,Drop,e_liu,1,62
B_fair_s5,level_1_1,1,4,0xCB4711DB,93.700005,Drop,e_lang,3,65
B_fair_s5,level_1_1,1,4,0xCB4711DB,93.733338,Drop,zqi,1,66
B_fair_s5,level_1_1,1,4,0xCB4711DB,109.466672,Drop,e_lang,3,69
B_fair_s5,level_1_1,1,4,0xCB4711DB,1800.000094,End,,0,69
B_fair_s5,level_1_1,1,5,0x06F0C9C5,0,Start,,0,45
B_fair_s5,level_1_1,1,5,0x06F0C9C5,2.066667,Drop,zu,1,46
B_fair_s5,level_1_1,1,5,0x06F0C9C5,6.9,Drop,zu,1,47
B_fair_s5,level_1_1,1,5,0x06F0C9C5,11.733334,Drop,zu,1,48
B_fair_s5,level_1_1,1,5,0x06F0C9C5,17.566668,Drop,e_liu,1,49
B_fair_s5,level_1_1,1,5,0x06F0C9C5,21.200001,Drop,zu,1,50
B_fair_s5,level_1_1,1,5,0x06F0C9C5,26.000001,Drop,e_liu,1,51
B_fair_s5,level_1_1,1,5,0x06F0C9C5,30.833335,Drop,zu,1,52
B_fair_s5,level_1_1,1,5,0x06F0C9C5,36.366669,Drop,e_liu,1,53
B_fair_s5,level_1_1,1,5,0x06F0C9C5,40.400002,Drop,zu,1,54
B_fair_s5,level_1_1,1,5,0x06F0C9C5,48.233336,Drop,zqi,1,55
B_fair_s5,level_1_1,1,5,0x06F0C9C5,53.033336,Drop,e_liu,1,56
B_fair_s5,level_1_1,1,5,0x06F0C9C5,55.633336,Drop,zu,1,57
B_fair_s5,level_1_1,1,5,0x06F0C9C5,60.06667,Drop,zu,1,58
B_fair_s5,level_1_1,1,5,0x06F0C9C5,66.86667,Drop,e_liu,1,59
B_fair_s5,level_1_1,1,5,0x06F0C9C5,76.566671,Drop,zqi,1,60
B_fair_s5,level_1_1,1,5,0x06F0C9C5,76.933337,Drop,zu,1,61
B_fair_s5,level_1_1,1,5,0x06F0C9C5,82.633338,Drop,e_liu,1,62
B_fair_s5,level_1_1,1,5,0x06F0C9C5,89.000005,Drop,zqi,1,63
B_fair_s5,level_1_1,1,5,0x06F0C9C5,91.200005,Drop,e_lang,3,66
B_fair_s5,level_1_1,1,5,0x06F0C9C5,111.466672,Drop,e_lang,3,69
B_fair_s5,level_1_1,1,5,0x06F0C9C5,1800.000094,End,,0,69
B_fair_s5,level_1_1,1,6,0xE6C4A201,0,Start,,0,45
B_fair_s5,level_1_1,1,6,0xE6C4A201,2.033333,Drop,zu,1,46
B_fair_s5,level_1_1,1,6,0xE6C4A201,6.866667,Drop,zu,1,47
B_fair_s5,level_1_1,1,6,0xE6C4A201,11.700001,Drop,zu,1,48
B_fair_s5,level_1_1,1,6,0xE6C4A201,17.066668,Drop,e_liu,1,49
B_fair_s5,level_1_1,1,6,0xE6C4A201,21.200001,Drop,zu,1,50
B_fair_s5,level_1_1,1,6,0xE6C4A201,26.000001,Drop,e_liu,1,51
B_fair_s5,level_1_1,1,6,0xE6C4A201,30.866668,Drop,zu,1,52
B_fair_s5,level_1_1,1,6,0xE6C4A201,36.633335,Drop,e_liu,1,53
B_fair_s5,level_1_1,1,6,0xE6C4A201,40.400002,Drop,zu,1,54
B_fair_s5,level_1_1,1,6,0xE6C4A201,52.300003,Drop,zqi,1,55
B_fair_s5,level_1_1,1,6,0xE6C4A201,54.266669,Drop,e_liu,1,56
B_fair_s5,level_1_1,1,6,0xE6C4A201,56.433336,Drop,zu,1,57
B_fair_s5,level_1_1,1,6,0xE6C4A201,60.633336,Drop,zu,1,58
B_fair_s5,level_1_1,1,6,0xE6C4A201,67.16667,Drop,e_liu,1,59
B_fair_s5,level_1_1,1,6,0xE6C4A201,77.200004,Drop,zu,1,60
B_fair_s5,level_1_1,1,6,0xE6C4A201,77.400004,Drop,zqi,1,61
B_fair_s5,level_1_1,1,6,0xE6C4A201,82.666671,Drop,e_liu,1,62
B_fair_s5,level_1_1,1,6,0xE6C4A201,89.233338,Drop,zqi,1,63
B_fair_s5,level_1_1,1,6,0xE6C4A201,91.266671,Drop,e_lang,3,66
B_fair_s5,level_1_1,1,6,0xE6C4A201,109.866672,Drop,e_lang,3,69
B_fair_s5,level_1_1,1,6,0xE6C4A201,1800.000094,End,,0,69
B_fair_s5,level_1_1,1,7,0x2213D323,0,Start,,0,45
B_fair_s5,level_1_1,1,7,0x2213D323,2.033333,Drop,zu,1,46
B_fair_s5,level_1_1,1,7,0x2213D323,6.933334,Drop,zu,1,47
B_fair_s5,level_1_1,1,7,0x2213D323,11.733334,Drop,zu,1,48
B_fair_s5,level_1_1,1,7,0x2213D323,17.600001,Drop,e_liu,1,49
B_fair_s5,level_1_1,1,7,0x2213D323,21.933334,Drop,zu,1,50
B_fair_s5,level_1_1,1,7,0x2213D323,26.233335,Drop,e_liu,1,51
B_fair_s5,level_1_1,1,7,0x2213D323,31.033335,Drop,zu,1,52
B_fair_s5,level_1_1,1,7,0x2213D323,35.600002,Drop,e_liu,1,53
B_fair_s5,level_1_1,1,7,0x2213D323,40.500002,Drop,zu,1,54
B_fair_s5,level_1_1,1,7,0x2213D323,47.866669,Drop,zqi,1,55
B_fair_s5,level_1_1,1,7,0x2213D323,51.833336,Drop,e_liu,1,56
B_fair_s5,level_1_1,1,7,0x2213D323,55.233336,Drop,zu,1,57
B_fair_s5,level_1_1,1,7,0x2213D323,60.26667,Drop,zu,1,58
B_fair_s5,level_1_1,1,7,0x2213D323,65.700003,Drop,e_liu,1,59
B_fair_s5,level_1_1,1,7,0x2213D323,70.86667,Drop,zqi,1,60
B_fair_s5,level_1_1,1,7,0x2213D323,74.600004,Drop,zu,1,61
B_fair_s5,level_1_1,1,7,0x2213D323,79.600004,Drop,e_liu,1,62
B_fair_s5,level_1_1,1,7,0x2213D323,85.166671,Drop,zqi,1,63
B_fair_s5,level_1_1,1,7,0x2213D323,89.733338,Drop,e_lang,3,66
B_fair_s5,level_1_1,1,7,0x2213D323,105.133339,Drop,e_lang,3,69
B_fair_s5,level_1_1,1,7,0x2213D323,1800.000094,End,,0,69
B_fair_s5,level_1_1,1,8,0x56847C18,0,Start,,0,45
B_fair_s5,level_1_1,1,8,0x56847C18,2.066667,Drop,zu,1,46
B_fair_s5,level_1_1,1,8,0x56847C18,6.9,Drop,zu,1,47
B_fair_s5,level_1_1,1,8,0x56847C18,11.800001,Drop,zu,1,48
B_fair_s5,level_1_1,1,8,0x56847C18,17.566668,Drop,e_liu,1,49
B_fair_s5,level_1_1,1,8,0x56847C18,21.266668,Drop,zu,1,50
B_fair_s5,level_1_1,1,8,0x56847C18,26.266668,Drop,e_liu,1,51
B_fair_s5,level_1_1,1,8,0x56847C18,30.900002,Drop,zu,1,52
B_fair_s5,level_1_1,1,8,0x56847C18,35.600002,Drop,e_liu,1,53
B_fair_s5,level_1_1,1,8,0x56847C18,40.400002,Drop,zu,1,54
B_fair_s5,level_1_1,1,8,0x56847C18,53.900003,Drop,e_liu,1,55
B_fair_s5,level_1_1,1,8,0x56847C18,54.96667,Drop,zqi,1,56
B_fair_s5,level_1_1,1,8,0x56847C18,56.56667,Drop,zu,1,57
B_fair_s5,level_1_1,1,8,0x56847C18,60.633336,Drop,zu,1,58
B_fair_s5,level_1_1,1,8,0x56847C18,67.36667,Drop,e_liu,1,59
B_fair_s5,level_1_1,1,8,0x56847C18,77.300004,Drop,zu,1,60
B_fair_s5,level_1_1,1,8,0x56847C18,82.066671,Drop,zqi,1,61
B_fair_s5,level_1_1,1,8,0x56847C18,83.100004,Drop,e_liu,1,62
B_fair_s5,level_1_1,1,8,0x56847C18,93.933338,Drop,e_lang,3,65
B_fair_s5,level_1_1,1,8,0x56847C18,99.633339,Drop,zqi,1,66
B_fair_s5,level_1_1,1,8,0x56847C18,169.366675,End,,0,66
B_fair_s5,level_1_1,1,9,0xF9E503FB,0,Start,,0,45
B_fair_s5,level_1_1,1,9,0xF9E503FB,2.066667,Drop,zu,1,46
B_fair_s5,level_1_1,1,9,0xF9E503FB,6.933334,Drop,zu,1,47
B_fair_s5,level_1_1,1,9,0xF9E503FB,11.733334,Drop,zu,1,48
B_fair_s5,level_1_1,1,9,0xF9E503FB,17.200001,Drop,e_liu,1,49
B_fair_s5,level_1_1,1,9,0xF9E503FB,21.200001,Drop,zu,1,50
B_fair_s5,level_1_1,1,9,0xF9E503FB,26.966668,Drop,e_liu,1,51
B_fair_s5,level_1_1,1,9,0xF9E503FB,31.066668,Drop,zu,1,52
B_fair_s5,level_1_1,1,9,0xF9E503FB,36.600002,Drop,e_liu,1,53
B_fair_s5,level_1_1,1,9,0xF9E503FB,40.400002,Drop,zu,1,54
B_fair_s5,level_1_1,1,9,0xF9E503FB,48.600003,Drop,zqi,1,55
B_fair_s5,level_1_1,1,9,0xF9E503FB,54.333336,Drop,e_liu,1,56
B_fair_s5,level_1_1,1,9,0xF9E503FB,55.46667,Drop,zu,1,57
B_fair_s5,level_1_1,1,9,0xF9E503FB,59.933336,Drop,zu,1,58
B_fair_s5,level_1_1,1,9,0xF9E503FB,66.833337,Drop,e_liu,1,59
B_fair_s5,level_1_1,1,9,0xF9E503FB,76.766671,Drop,zqi,1,60
B_fair_s5,level_1_1,1,9,0xF9E503FB,76.866671,Drop,zu,1,61
B_fair_s5,level_1_1,1,9,0xF9E503FB,82.500004,Drop,e_liu,1,62
B_fair_s5,level_1_1,1,9,0xF9E503FB,88.500005,Drop,zqi,1,63
B_fair_s5,level_1_1,1,9,0xF9E503FB,91.000005,Drop,e_lang,3,66
B_fair_s5,level_1_1,1,9,0xF9E503FB,109.366672,Drop,e_lang,3,69
B_fair_s5,level_1_1,1,9,0xF9E503FB,1800.000094,End,,0,69
B_fair_s5,level_1_1,1,10,0x6AD3A9F6,0,Start,,0,45
B_fair_s5,level_1_1,1,10,0x6AD3A9F6,2.033333,Drop,zu,1,46
B_fair_s5,level_1_1,1,10,0x6AD3A9F6,6.866667,Drop,zu,1,47
B_fair_s5,level_1_1,1,10,0x6AD3A9F6,12.200001,Drop,zu,1,48
B_fair_s5,level_1_1,1,10,0x6AD3A9F6,16.533334,Drop,e_liu,1,49
B_fair_s5,level_1_1,1,10,0x6AD3A9F6,21.433334,Drop,zu,1,50
B_fair_s5,level_1_1,1,10,0x6AD3A9F6,26.733335,Drop,e_liu,1,51
B_fair_s5,level_1_1,1,10,0x6AD3A9F6,30.933335,Drop,zu,1,52
B_fair_s5,level_1_1,1,10,0x6AD3A9F6,36.600002,Drop,e_liu,1,53
B_fair_s5,level_1_1,1,10,0x6AD3A9F6,40.733335,Drop,zu,1,54
B_fair_s5,level_1_1,1,10,0x6AD3A9F6,52.700003,Drop,zqi,1,55
B_fair_s5,level_1_1,1,10,0x6AD3A9F6,53.933336,Drop,e_liu,1,56
B_fair_s5,level_1_1,1,10,0x6AD3A9F6,56.200003,Drop,zu,1,57
B_fair_s5,level_1_1,1,10,0x6AD3A9F6,60.433336,Drop,zu,1,58
B_fair_s5,level_1_1,1,10,0x6AD3A9F6,67.100003,Drop,e_liu,1,59
B_fair_s5,level_1_1,1,10,0x6AD3A9F6,77.200004,Drop,zu,1,60
B_fair_s5,level_1_1,1,10,0x6AD3A9F6,81.466671,Drop,zqi,1,61
B_fair_s5,level_1_1,1,10,0x6AD3A9F6,83.300004,Drop,e_liu,1,62
B_fair_s5,level_1_1,1,10,0x6AD3A9F6,94.233338,Drop,e_lang,3,65
B_fair_s5,level_1_1,1,10,0x6AD3A9F6,98.900005,Drop,zqi,1,66
B_fair_s5,level_1_1,1,10,0x6AD3A9F6,169.800009,End,,0,66
B_fair_s5,level_1_5,5,1,0xE241A600,0,Start,,0,45
B_fair_s5,level_1_5,5,1,0xE241A600,2.033333,Drop,e_lang,1,46
B_fair_s5,level_1_5,5,1,0xE241A600,4.666667,Drop,e_lang,1,47
B_fair_s5,level_1_5,5,1,0xE241A600,7.466667,Drop,e_lang,1,48
B_fair_s5,level_1_5,5,1,0xE241A600,11.900001,Drop,e_liu,1,49
B_fair_s5,level_1_5,5,1,0xE241A600,12.666667,Drop,e_lang,1,50
B_fair_s5,level_1_5,5,1,0xE241A600,15.133334,Drop,e_liu,1,51
B_fair_s5,level_1_5,5,1,0xE241A600,17.733334,Drop,e_lang,1,52
B_fair_s5,level_1_5,5,1,0xE241A600,20.200001,Drop,e_liu,1,53
B_fair_s5,level_1_5,5,1,0xE241A600,23.033335,Drop,e_lang,1,54
B_fair_s5,level_1_5,5,1,0xE241A600,30.900002,Drop,e_liu,1,55
B_fair_s5,level_1_5,5,1,0xE241A600,35.133335,Drop,zqi,1,56
B_fair_s5,level_1_5,5,1,0xE241A600,38.433335,Drop,e_lang,1,57
B_fair_s5,level_1_5,5,1,0xE241A600,39.433335,Drop,e_lang,1,58
B_fair_s5,level_1_5,5,1,0xE241A600,41.033335,Drop,e_liu,1,59
B_fair_s5,level_1_5,5,1,0xE241A600,45.133336,Drop,e_lang,1,60
B_fair_s5,level_1_5,5,1,0xE241A600,48.566669,Drop,e_liu,1,61
B_fair_s5,level_1_5,5,1,0xE241A600,49.500003,Drop,zqi,1,62
B_fair_s5,level_1_5,5,1,0xE241A600,54.100003,Drop,e_lang,3,65
B_fair_s5,level_1_5,5,1,0xE241A600,60.733337,Drop,zqi,1,66
B_fair_s5,level_1_5,5,1,0xE241A600,71.66667,Drop,zqi,3,69
B_fair_s5,level_1_5,5,1,0xE241A600,129.666673,End,,0,69
B_fair_s5,level_1_5,5,2,0x06B86540,0,Start,,0,45
B_fair_s5,level_1_5,5,2,0x06B86540,2.033333,Drop,e_lang,1,46
B_fair_s5,level_1_5,5,2,0x06B86540,4.666667,Drop,e_lang,1,47
B_fair_s5,level_1_5,5,2,0x06B86540,7.966667,Drop,e_lang,1,48
B_fair_s5,level_1_5,5,2,0x06B86540,10.933334,Drop,e_liu,1,49
B_fair_s5,level_1_5,5,2,0x06B86540,12.833334,Drop,e_lang,1,50
B_fair_s5,level_1_5,5,2,0x06B86540,16.066668,Drop,e_liu,1,51
B_fair_s5,level_1_5,5,2,0x06B86540,17.966668,Drop,e_lang,1,52
B_fair_s5,level_1_5,5,2,0x06B86540,20.400001,Drop,e_liu,1,53
B_fair_s5,level_1_5,5,2,0x06B86540,28.333335,Drop,e_lang,1,54
B_fair_s5,level_1_5,5,2,0x06B86540,29.666668,Drop,zqi,1,55
B_fair_s5,level_1_5,5,2,0x06B86540,31.433335,Drop,e_lang,1,56
B_fair_s5,level_1_5,5,2,0x06B86540,32.500002,Drop,e_liu,1,57
B_fair_s5,level_1_5,5,2,0x06B86540,34.266668,Drop,e_lang,1,58
B_fair_s5,level_1_5,5,2,0x06B86540,37.100002,Drop,e_liu,1,59
B_fair_s5,level_1_5,5,2,0x06B86540,41.400002,Drop,zqi,1,60
B_fair_s5,level_1_5,5,2,0x06B86540,42.066669,Drop,e_lang,1,61
B_fair_s5,level_1_5,5,2,0x06B86540,50.600003,Drop,zqi,1,62
B_fair_s5,level_1_5,5,2,0x06B86540,50.800003,Drop,e_liu,1,63
B_fair_s5,level_1_5,5,2,0x06B86540,51.700003,Drop,e_lang,3,66
B_fair_s5,level_1_5,5,2,0x06B86540,56.000003,Drop,zqi,3,69
B_fair_s5,level_1_5,5,2,0x06B86540,66.86667,Drop,e_lang,3,72
B_fair_s5,level_1_5,5,2,0x06B86540,145.733341,End,,0,72
B_fair_s5,level_1_5,5,3,0x481C6948,0,Start,,0,45
B_fair_s5,level_1_5,5,3,0x481C6948,3.366667,Drop,e_lang,1,46
B_fair_s5,level_1_5,5,3,0x481C6948,5.233334,Drop,e_lang,1,47
B_fair_s5,level_1_5,5,3,0x481C6948,7.366667,Drop,e_lang,1,48
B_fair_s5,level_1_5,5,3,0x481C6948,9.966667,Drop,e_liu,1,49
B_fair_s5,level_1_5,5,3,0x481C6948,17.133334,Drop,e_liu,1,50
B_fair_s5,level_1_5,5,3,0x481C6948,17.700001,Drop,e_lang,1,51
B_fair_s5,level_1_5,5,3,0x481C6948,19.233334,Drop,e_lang,1,52
B_fair_s5,level_1_5,5,3,0x481C6948,22.733335,Drop,e_liu,1,53
B_fair_s5,level_1_5,5,3,0x481C6948,22.933335,Drop,e_lang,1,54
B_fair_s5,level_1_5,5,3,0x481C6948,28.066668,Drop,zqi,1,55
B_fair_s5,level_1_5,5,3,0x481C6948,30.766668,Drop,e_lang,1,56
B_fair_s5,level_1_5,5,3,0x481C6948,31.000002,Drop,e_liu,1,57
B_fair_s5,level_1_5,5,3,0x481C6948,33.200002,Drop,e_lang,1,58
B_fair_s5,level_1_5,5,3,0x481C6948,37.433335,Drop,e_liu,1,59
B_fair_s5,level_1_5,5,3,0x481C6948,40.966669,Drop,zqi,1,60
B_fair_s5,level_1_5,5,3,0x481C6948,41.800002,Drop,e_lang,1,61
B_fair_s5,level_1_5,5,3,0x481C6948,43.733336,Drop,e_liu,1,62
B_fair_s5,level_1_5,5,3,0x481C6948,50.300003,Drop,zqi,1,63
B_fair_s5,level_1_5,5,3,0x481C6948,53.633336,Drop,zqi,3,66
B_fair_s5,level_1_5,5,3,0x481C6948,64.833337,Drop,e_lang,3,69
B_fair_s5,level_1_5,5,3,0x481C6948,113.800006,End,,0,69
B_fair_s5,level_1_5,5,4,0x63947192,0,Start,,0,45
B_fair_s5,level_1_5,5,4,0x63947192,2.033333,Drop,e_lang,1,46
B_fair_s5,level_1_5,5,4,0x63947192,4.666667,Drop,e_lang,1,47
B_fair_s5,level_1_5,5,4,0x63947192,7.3,Drop,e_lang,1,48
B_fair_s5,level_1_5,5,4,0x63947192,11.966667,Drop,e_liu,1,49
B_fair_s5,level_1_5,5,4,0x63947192,16.066668,Drop,e_liu,1,50
B_fair_s5,level_1_5,5,4,0x63947192,18.300001,Drop,e_lang,1,51
B_fair_s5,level_1_5,5,4,0x63947192,18.333334,Drop,e_lang,1,52
B_fair_s5,level_1_5,5,4,0x63947192,21.866668,Drop,e_liu,1,53
B_fair_s5,level_1_5,5,4,0x63947192,23.466668,Drop,e_lang,1,54
B_fair_s5,level_1_5,5,4,0x63947192,29.233335,Drop,zqi,1,55
B_fair_s5,level_1_5,5,4,0x63947192,31.366668,Drop,e_liu,1,56
B_fair_s5,level_1_5,5,4,0x63947192,31.700002,Drop,e_lang,1,57
B_fair_s5,level_1_5,5,4,0x63947192,34.033335,Drop,e_lang,1,58
B_fair_s5,level_1_5,5,4,0x63947192,38.566669,Drop,e_liu,1,59
B_fair_s5,level_1_5,5,4,0x63947192,42.866669,Drop,e_lang,1,60
B_fair_s5,level_1_5,5,4,0x63947192,43.666669,Drop,zqi,1,61
B_fair_s5,level_1_5,5,4,0x63947192,47.100002,Drop,e_liu,1,62
B_fair_s5,level_1_5,5,4,0x63947192,51.200003,Drop,zqi,1,63
B_fair_s5,level_1_5,5,4,0x63947192,52.000003,Drop,e_lang,3,66
B_fair_s5,level_1_5,5,4,0x63947192,55.600003,Drop,zqi,3,69
B_fair_s5,level_1_5,5,4,0x63947192,66.86667,Drop,e_lang,3,72
B_fair_s5,level_1_5,5,4,0x63947192,146.333341,End,,0,72
B_fair_s5,level_1_5,5,5,0x596EAF61,0,Start,,0,45
B_fair_s5,level_1_5,5,5,0x596EAF61,3.233334,Drop,e_lang,1,46
B_fair_s5,level_1_5,5,5,0x596EAF61,5,Drop,e_lang,1,47
B_fair_s5,level_1_5,5,5,0x596EAF61,7.266667,Drop,e_lang,1,48
B_fair_s5,level_1_5,5,5,0x596EAF61,9.866667,Drop,e_liu,1,49
B_fair_s5,level_1_5,5,5,0x596EAF61,12.466667,Drop,e_lang,1,50
B_fair_s5,level_1_5,5,5,0x596EAF61,15.100001,Drop,e_liu,1,51
B_fair_s5,level_1_5,5,5,0x596EAF61,17.700001,Drop,e_lang,1,52
B_fair_s5,level_1_5,5,5,0x596EAF61,20.700001,Drop,e_liu,1,53
B_fair_s5,level_1_5,5,5,0x596EAF61,22.900001,Drop,e_lang,1,54
B_fair_s5,level_1_5,5,5,0x596EAF61,27.733335,Drop,zqi,1,55
B_fair_s5,level_1_5,5,5,0x596EAF61,31.566668,Drop,e_liu,1,56
B_fair_s5,level_1_5,5,5,0x596EAF61,32.466668,Drop,e_lang,1,57
B_fair_s5,level_1_5,5,5,0x596EAF61,33.433335,Drop,e_lang,1,58
B_fair_s5,level_1_5,5,5,0x596EAF61,36.033335,Drop,e_liu,1,59
B_fair_s5,level_1_5,5,5,0x596EAF61,42.333336,Drop,zqi,1,60
B_fair_s5,level_1_5,5,5,0x596EAF61,42.866669,Drop,e_lang,1,61
B_fair_s5,level_1_5,5,5,0x596EAF61,49.333336,Drop,zqi,1,62
B_fair_s5,level_1_5,5,5,0x596EAF61,50.700003,Drop,e_lang,3,65
B_fair_s5,level_1_5,5,5,0x596EAF61,52.933336,Drop,zqi,3,68
B_fair_s5,level_1_5,5,5,0x596EAF61,56.933336,Drop,e_liu,1,69
B_fair_s5,level_1_5,5,5,0x596EAF61,65.300003,Drop,e_lang,3,72
B_fair_s5,level_1_5,5,5,0x596EAF61,110.666672,Drop,bld_cheng,20,92
B_fair_s5,level_1_5,5,5,0x596EAF61,110.666672,End,,0,92
B_fair_s5,level_1_5,5,6,0x1CDBED20,0,Start,,0,45
B_fair_s5,level_1_5,5,6,0x1CDBED20,2.033333,Drop,e_lang,1,46
B_fair_s5,level_1_5,5,6,0x1CDBED20,4.966667,Drop,e_lang,1,47
B_fair_s5,level_1_5,5,6,0x1CDBED20,7.333334,Drop,e_lang,1,48
B_fair_s5,level_1_5,5,6,0x1CDBED20,11.966667,Drop,e_liu,1,49
B_fair_s5,level_1_5,5,6,0x1CDBED20,12.733334,Drop,e_lang,1,50
B_fair_s5,level_1_5,5,6,0x1CDBED20,17.166668,Drop,e_liu,1,51
B_fair_s5,level_1_5,5,6,0x1CDBED20,17.866668,Drop,e_lang,1,52
B_fair_s5,level_1_5,5,6,0x1CDBED20,21.000001,Drop,e_liu,1,53
B_fair_s5,level_1_5,5,6,0x1CDBED20,26.400001,Drop,e_lang,1,54
B_fair_s5,level_1_5,5,6,0x1CDBED20,29.466668,Drop,zqi,1,55
B_fair_s5,level_1_5,5,6,0x1CDBED20,31.033335,Drop,e_liu,1,56
B_fair_s5,level_1_5,5,6,0x1CDBED20,31.766668,Drop,e_lang,1,57
B_fair_s5,level_1_5,5,6,0x1CDBED20,33.900002,Drop,e_lang,1,58
B_fair_s5,level_1_5,5,6,0x1CDBED20,37.266669,Drop,e_liu,1,59
B_fair_s5,level_1_5,5,6,0x1CDBED20,40.533335,Drop,zqi,1,60
B_fair_s5,level_1_5,5,6,0x1CDBED20,41.800002,Drop,e_lang,1,61
B_fair_s5,level_1_5,5,6,0x1CDBED20,45.400002,Drop,e_liu,1,62
B_fair_s5,level_1_5,5,6,0x1CDBED20,48.166669,Drop,zqi,1,63
B_fair_s5,level_1_5,5,6,0x1CDBED20,53.266669,Drop,zqi,3,66
B_fair_s5,level_1_5,5,6,0x1CDBED20,54.066669,Drop,e_lang,3,69
B_fair_s5,level_1_5,5,6,0x1CDBED20,66.033337,Drop,e_lang,3,72
B_fair_s5,level_1_5,5,6,0x1CDBED20,80.433338,Drop,e_lang,3,75
B_fair_s5,level_1_5,5,6,0x1CDBED20,1800.000094,End,,0,75
B_fair_s5,level_1_5,5,7,0x4E846E7F,0,Start,,0,45
B_fair_s5,level_1_5,5,7,0x4E846E7F,2.033333,Drop,e_lang,1,46
B_fair_s5,level_1_5,5,7,0x4E846E7F,4.666667,Drop,e_lang,1,47
B_fair_s5,level_1_5,5,7,0x4E846E7F,7.3,Drop,e_lang,1,48
B_fair_s5,level_1_5,5,7,0x4E846E7F,10.966667,Drop,e_liu,1,49
B_fair_s5,level_1_5,5,7,0x4E846E7F,12.566667,Drop,e_lang,1,50
B_fair_s5,level_1_5,5,7,0x4E846E7F,16.166668,Drop,e_liu,1,51
B_fair_s5,level_1_5,5,7,0x4E846E7F,17.733334,Drop,e_lang,1,52
B_fair_s5,level_1_5,5,7,0x4E846E7F,21.200001,Drop,e_liu,1,53
B_fair_s5,level_1_5,5,7,0x4E846E7F,22.800001,Drop,e_lang,1,54
B_fair_s5,level_1_5,5,7,0x4E846E7F,30.833335,Drop,e_liu,1,55
B_fair_s5,level_1_5,5,7,0x4E846E7F,32.200002,Drop,zqi,1,56
B_fair_s5,level_1_5,5,7,0x4E846E7F,33.666668,Drop,e_lang,1,57
B_fair_s5,level_1_5,5,7,0x4E846E7F,34.966668,Drop,e_lang,1,58
B_fair_s5,level_1_5,5,7,0x4E846E7F,38.900002,Drop,e_liu,1,59
B_fair_s5,level_1_5,5,7,0x4E846E7F,45.966669,Drop,e_lang,1,60
B_fair_s5,level_1_5,5,7,0x4E846E7F,49.300003,Drop,zqi,1,61
B_fair_s5,level_1_5,5,7,0x4E846E7F,49.366669,Drop,e_liu,1,62
B_fair_s5,level_1_5,5,7,0x4E846E7F,62.533337,Drop,zqi,1,63
B_fair_s5,level_1_5,5,7,0x4E846E7F,71.26667,Drop,zqi,3,66
B_fair_s5,level_1_5,5,7,0x4E846E7F,114.666673,End,,0,66
B_fair_s5,level_1_5,5,8,0xAA36149A,0,Start,,0,45
B_fair_s5,level_1_5,5,8,0xAA36149A,2.033333,Drop,e_lang,1,46
B_fair_s5,level_1_5,5,8,0xAA36149A,4.666667,Drop,e_lang,1,47
B_fair_s5,level_1_5,5,8,0xAA36149A,7.3,Drop,e_lang,1,48
B_fair_s5,level_1_5,5,8,0xAA36149A,11.933334,Drop,e_liu,1,49
B_fair_s5,level_1_5,5,8,0xAA36149A,17.533334,Drop,e_liu,1,50
B_fair_s5,level_1_5,5,8,0xAA36149A,17.900001,Drop,e_lang,1,51
B_fair_s5,level_1_5,5,8,0xAA36149A,18.233334,Drop,e_lang,1,52
B_fair_s5,level_1_5,5,8,0xAA36149A,21.566668,Drop,e_liu,1,53
B_fair_s5,level_1_5,5,8,0xAA36149A,23.333335,Drop,e_lang,1,54
B_fair_s5,level_1_5,5,8,0xAA36149A,31.366668,Drop,e_liu,1,55
B_fair_s5,level_1_5,5,8,0xAA36149A,33.100002,Drop,zqi,1,56
B_fair_s5,level_1_5,5,8,0xAA36149A,35.000002,Drop,e_lang,1,57
B_fair_s5,level_1_5,5,8,0xAA36149A,35.933335,Drop,e_lang,1,58
B_fair_s5,level_1_5,5,8,0xAA36149A,39.633335,Drop,e_liu,1,59
B_fair_s5,level_1_5,5,8,0xAA36149A,45.233336,Drop,e_lang,1,60
B_fair_s5,level_1_5,5,8,0xAA36149A,48.100003,Drop,zqi,1,61
B_fair_s5,level_1_5,5,8,0xAA36149A,48.633336,Drop,e_liu,1,62
B_fair_s5,level_1_5,5,8,0xAA36149A,54.133336,Drop,e_lang,3,65
B_fair_s5,level_1_5,5,8,0xAA36149A,61.333337,Drop,zqi,1,66
B_fair_s5,level_1_5,5,8,0xAA36149A,72.833337,Drop,zqi,3,69
B_fair_s5,level_1_5,5,8,0xAA36149A,126.866673,End,,0,69
B_fair_s5,level_1_5,5,9,0x7C0979C8,0,Start,,0,45
B_fair_s5,level_1_5,5,9,0x7C0979C8,3.433334,Drop,e_lang,1,46
B_fair_s5,level_1_5,5,9,0x7C0979C8,4.633334,Drop,e_lang,1,47
B_fair_s5,level_1_5,5,9,0x7C0979C8,7.266667,Drop,e_lang,1,48
B_fair_s5,level_1_5,5,9,0x7C0979C8,10.900001,Drop,e_liu,1,49
B_fair_s5,level_1_5,5,9,0x7C0979C8,12.500001,Drop,e_lang,1,50
B_fair_s5,level_1_5,5,9,0x7C0979C8,16.033334,Drop,e_liu,1,51
B_fair_s5,level_1_5,5,9,0x7C0979C8,17.600001,Drop,e_lang,1,52
B_fair_s5,level_1_5,5,9,0x7C0979C8,20.200001,Drop,e_liu,1,53
B_fair_s5,level_1_5,5,9,0x7C0979C8,22.800001,Drop,e_lang,1,54
B_fair_s5,level_1_5,5,9,0x7C0979C8,30.766668,Drop,e_liu,1,55
B_fair_s5,level_1_5,5,9,0x7C0979C8,34.566668,Drop,zqi,1,56
B_fair_s5,level_1_5,5,9,0x7C0979C8,40.866669,Drop,e_liu,1,57
B_fair_s5,level_1_5,5,9,0x7C0979C8,43.133336,Drop,e_lang,1,58
B_fair_s5,level_1_5,5,9,0x7C0979C8,45.400002,Drop,e_lang,1,59
B_fair_s5,level_1_5,5,9,0x7C0979C8,46.033336,Drop,zqi,1,60
B_fair_s5,level_1_5,5,9,0x7C0979C8,51.066669,Drop,e_liu,1,61
B_fair_s5,level_1_5,5,9,0x7C0979C8,52.200003,Drop,e_lang,1,62
B_fair_s5,level_1_5,5,9,0x7C0979C8,55.700003,Drop,e_lang,3,65
B_fair_s5,level_1_5,5,9,0x7C0979C8,58.333336,Drop,zqi,1,66
B_fair_s5,level_1_5,5,9,0x7C0979C8,67.633337,Drop,zqi,3,69
B_fair_s5,level_1_5,5,9,0x7C0979C8,79.566671,Drop,e_lang,3,72
B_fair_s5,level_1_5,5,9,0x7C0979C8,83.666671,Drop,e_lang,3,75
B_fair_s5,level_1_5,5,9,0x7C0979C8,1800.000094,End,,0,75
B_fair_s5,level_1_5,5,10,0x353A5A50,0,Start,,0,45
B_fair_s5,level_1_5,5,10,0x353A5A50,2.033333,Drop,e_lang,1,46
B_fair_s5,level_1_5,5,10,0x353A5A50,5,Drop,e_lang,1,47
B_fair_s5,level_1_5,5,10,0x353A5A50,7.6,Drop,e_lang,1,48
B_fair_s5,level_1_5,5,10,0x353A5A50,10.800001,Drop,e_liu,1,49
B_fair_s5,level_1_5,5,10,0x353A5A50,12.433334,Drop,e_lang,1,50
B_fair_s5,level_1_5,5,10,0x353A5A50,16.266668,Drop,e_liu,1,51
B_fair_s5,level_1_5,5,10,0x353A5A50,19.433334,Drop,e_lang,1,52
B_fair_s5,level_1_5,5,10,0x353A5A50,21.600001,Drop,e_liu,1,53
B_fair_s5,level_1_5,5,10,0x353A5A50,23.300001,Drop,e_lang,1,54
B_fair_s5,level_1_5,5,10,0x353A5A50,31.433335,Drop,e_liu,1,55
B_fair_s5,level_1_5,5,10,0x353A5A50,33.433335,Drop,zqi,1,56
B_fair_s5,level_1_5,5,10,0x353A5A50,35.600002,Drop,e_lang,1,57
B_fair_s5,level_1_5,5,10,0x353A5A50,36.266669,Drop,e_lang,1,58
B_fair_s5,level_1_5,5,10,0x353A5A50,40.033335,Drop,e_liu,1,59
B_fair_s5,level_1_5,5,10,0x353A5A50,44.866669,Drop,e_lang,1,60
B_fair_s5,level_1_5,5,10,0x353A5A50,48.300003,Drop,e_liu,1,61
B_fair_s5,level_1_5,5,10,0x353A5A50,48.533336,Drop,zqi,1,62
B_fair_s5,level_1_5,5,10,0x353A5A50,54.300003,Drop,e_lang,3,65
B_fair_s5,level_1_5,5,10,0x353A5A50,61.800003,Drop,zqi,1,66
B_fair_s5,level_1_5,5,10,0x353A5A50,73.300004,Drop,zqi,3,69
B_fair_s5,level_1_5,5,10,0x353A5A50,134.866674,End,,0,69
