lineup_id,level_id,stage_index,team,unit_id,spawn_count,survivor_count,survivor_rate,total_damage,cohort_battle_s,battle_dps,active_seconds,active_dps,mean_survival_s
A_siege_nub,level_1_1,1,Ally,dun,10,6,0.6,3029,1826.400095,1.658454,1053.400055,2.875451,105.340005
A_siege_nub,level_1_1,1,Ally,gong,30,5,0.166667,13840,1826.400095,7.577748,1875.833431,7.378054,62.527781
A_siege_nub,level_1_1,1,Ally,mao,10,5,0.5,13625,1826.400095,7.46003,977.466718,13.939094,97.746672
A_siege_nub,level_1_1,1,Ally,nub,10,6,0.6,91190,1826.400095,49.928819,996.633385,91.498039,99.663339
A_siege_nub,level_1_1,1,Enemy,bld_cheng,10,4,0.4,240,1826.400095,0.131406,882.400046,0.271985,88.240005
A_siege_nub,level_1_1,1,Enemy,e_lang,20,9,0.45,8468,1826.400095,4.636443,1526.933413,5.545756,76.346671
A_siege_nub,level_1_1,1,Enemy,e_liu,60,1,0.016667,7022,1826.400095,3.844722,484.900025,14.481336,8.081667
A_siege_nub,level_1_1,1,Enemy,zqi,30,3,0.1,12262,1826.400095,6.713753,1172.466728,10.458293,39.082224
A_siege_nub,level_1_1,1,Enemy,zu,90,1,0.011111,379,1826.400095,0.207512,455.96669,0.831201,5.066297
A_siege_nub,level_1_5,5,Ally,dun,10,3,0.3,3347,1168.566728,2.864192,735.766705,4.548996,73.576671
A_siege_nub,level_1_5,5,Ally,gong,30,3,0.1,12594,1168.566728,10.777305,1136.733393,11.079115,37.891113
A_siege_nub,level_1_5,5,Ally,mao,10,3,0.3,15156,1168.566728,12.969734,747.466706,20.276488,74.746671
A_siege_nub,level_1_5,5,Ally,nub,10,3,0.3,85070,1168.566728,72.798581,611.800032,139.048701,61.180003
A_siege_nub,level_1_5,5,Enemy,bld_cheng,10,7,0.7,1650,1168.566728,1.411986,450.56669,3.662055,45.056669
A_siege_nub,level_1_5,5,Enemy,e_lang,120,19,0.158333,31958,1168.566728,27.348032,1101.433391,29.014918,9.178612
A_siege_nub,level_1_5,5,Enemy,e_liu,60,0,0,3040,1168.566728,2.601477,68.333337,44.487803,1.138889
A_siege_nub,level_1_5,5,Enemy,zqi,40,9,0.225,11662,1168.566728,9.979747,807.400042,14.443893,20.185001
B_fair_s1,level_1_1,1,Ally,mao,10,4,0.4,10668,4160.000217,2.564423,2058.800107,5.181659,205.880011
B_fair_s1,level_1_1,1,Ally,qqi,30,15,0.5,52368,4160.000217,12.588461,6380.033666,8.208107,212.667789
B_fair_s1,level_1_1,1,Ally,zu,10,2,0.2,612,4160.000217,0.147115,1182.433395,0.517577,118.24334
B_fair_s1,level_1_1,1,Enemy,bld_cheng,10,10,1,930,4160.000217,0.223558,3216.000168,0.289179,321.600017
B_fair_s1,level_1_1,1,Enemy,e_lang,20,18,0.9,18618,4160.000217,4.475481,3018.066824,6.168849,150.903341
B_fair_s1,level_1_1,1,Enemy,e_liu,60,11,0.183333,14612,4160.000217,3.5125,2634.833471,5.545702,43.913891
B_fair_s1,level_1_1,1,Enemy,zqi,30,13,0.433333,14200,4160.000217,3.413461,2273.100119,6.246975,75.770004
B_fair_s1,level_1_1,1,Enemy,zu,90,7,0.077778,1791,4160.000217,0.430529,2259.900118,0.792513,25.110001
B_fair_s1,level_1_5,5,Ally,mao,10,2,0.2,13312,1212.233397,10.981384,509.23336,26.141257,50.923336
B_fair_s1,level_1_5,5,Ally,qqi,30,8,0.266667,39768,1212.233397,32.805564,1937.766768,20.522594,64.592226
B_fair_s1,level_1_5,5,Ally,zu,10,2,0.2,1626,1212.233397,1.341326,531.833361,3.057349,53.183336
B_fair_s1,level_1_5,5,Enemy,bld_cheng,10,10,1,0,1212.233397,0,494.233359,0,49.423336
B_fair_s1,level_1_5,5,Enemy,e_lang,120,45,0.375,26796,1212.233397,22.104654,2680.566806,9.996393,22.338057
B_fair_s1,level_1_5,5,Enemy,e_liu,60,19,0.316667,9348,1212.233397,7.711386,1420.266741,6.581862,23.671112
B_fair_s1,level_1_5,5,Enemy,zqi,40,29,0.725,20220,1212.233397,16.679956,2373.900124,8.517629,59.347503
B_fair_s5,level_1_1,1,Ally,lia,20,4,0.2,67903,13109.400684,5.179718,4310.033558,15.754634,215.501678
B_fair_s5,level_1_1,1,Ally,mao,10,3,0.3,15458,13109.400684,1.179154,1363.100071,11.340327,136.310007
B_fair_s5,level_1_1,1,Ally,qqi,20,6,0.3,27870,13109.400684,2.125955,2639.466804,10.558951,131.97334
B_fair_s5,level_1_1,1,Ally,zu,10,1,0.1,543,13109.400684,0.041421,667.500035,0.813483,66.750003
B_fair_s5,level_1_1,1,Enemy,bld_cheng,10,10,1,30129,13109.400684,2.298274,12165.400634,2.476614,1216.540063
B_fair_s5,level_1_1,1,Enemy,e_lang,20,3,0.15,12760,13109.400684,0.973347,246.433346,51.778707,12.321667
B_fair_s5,level_1_1,1,Enemy,e_liu,60,0,0,1871,13109.400684,0.142722,114.800006,16.297909,1.913333
B_fair_s5,level_1_1,1,Enemy,zqi,30,0,0,4806,13109.400684,0.366607,206.133344,23.315005,6.871111
B_fair_s5,level_1_1,1,Enemy,zu,90,0,0,343,13109.400684,0.026164,51.433336,6.668827,0.571482
B_fair_s5,level_1_5,5,Ally,lia,20,11,0.55,69111,4622.600241,14.950676,3961.900207,17.443902,198.09501
B_fair_s5,level_1_5,5,Ally,mao,10,5,0.5,24202,4622.600241,5.235581,2642.066804,9.160253,264.20668
B_fair_s5,level_1_5,5,Ally,qqi,20,10,0.5,29304,4622.600241,6.339289,5500.200287,5.327806,275.010014
B_fair_s5,level_1_5,5,Ally,zu,10,4,0.4,2211,4622.600241,0.478302,644.7667,3.429147,64.47667
B_fair_s5,level_1_5,5,Enemy,bld_cheng,10,9,0.9,19881,4622.600241,4.300826,3904.600204,5.091686,390.46002
B_fair_s5,level_1_5,5,Enemy,e_lang,120,14,0.116667,31784,4622.600241,6.875784,958.833383,33.148616,7.990278
B_fair_s5,level_1_5,5,Enemy,e_liu,60,0,0,3446,4622.600241,0.745468,150.866675,22.84136,2.514445
B_fair_s5,level_1_5,5,Enemy,zqi,40,0,0,5360,4622.600241,1.159521,347.433351,15.427419,8.685834
B_no_siege,level_1_1,1,Ally,dun,20,0,0,9588,4121.566882,2.3263,1355.266737,7.074622,67.763337
B_no_siege,level_1_1,1,Ally,gong,30,0,0,14120,4121.566882,3.425882,1216.600063,11.606115,40.553335
B_no_siege,level_1_1,1,Ally,mao,10,0,0,20041,4121.566882,4.862471,671.466702,29.846603,67.14667
B_no_siege,level_1_1,1,Enemy,bld_cheng,10,10,1,0,4121.566882,0,3177.566832,0,317.756683
B_no_siege,level_1_1,1,Enemy,e_lang,20,20,1,9976,4121.566882,2.420439,6305.133662,1.582203,315.256683
B_no_siege,level_1_1,1,Enemy,e_liu,60,20,0.333333,23777,4121.566882,5.768923,7288.433713,3.262292,121.473895
B_no_siege,level_1_1,1,Enemy,zqi,30,23,0.766667,23494,4121.566882,5.700259,7800.000407,3.012051,260.000014
B_no_siege,level_1_1,1,Enemy,zu,90,12,0.133333,7292,4121.566882,1.76923,3959.266873,1.841755,43.991854
B_no_siege,level_1_5,5,Ally,dun,20,0,0,7799,1584.366749,4.922471,841.500044,9.267973,42.075002
B_no_siege,level_1_5,5,Ally,gong,30,0,0,11028,1584.366749,6.96051,656.433368,16.799877,21.881112
B_no_siege,level_1_5,5,Ally,mao,10,0,0,16112,1584.366749,10.169363,341.500018,47.180085,34.150002
B_no_siege,level_1_5,5,Enemy,bld_cheng,10,10,1,0,1584.366749,0,866.366712,0,86.636671
B_no_siege,level_1_5,5,Enemy,e_lang,118,56,0.474576,28652,1584.366749,18.084197,6551.133675,4.373594,55.518082
B_no_siege,level_1_5,5,Enemy,e_liu,60,27,0.45,17831,1584.366749,11.254339,3669.433525,4.859333,61.157225
B_no_siege,level_1_5,5,Enemy,zqi,40,37,0.925,18048,1584.366749,11.391302,4589.300239,3.932626,114.732506
