lineup_id,lineup_name,level_id,stage_index,grid_cols,game_index,seed_hex,result,timed_out,duration_s,ticks,wall_ms,start_coins,dropped_coins,end_coins,ally_base_hp,ally_base_max_hp,boss_hp,boss_max_hp
A_siege_nub,A · 含器械（3弓+1盾+1矛+1弩兵）,level_1_1,1,3,1,0x4596C624,Win,false,113.400006,3402,172.3253,45,44,89,4000,4000,0,6000
A_siege_nub,A · 含器械（3弓+1盾+1矛+1弩兵）,level_1_1,1,3,2,0x3713192D,Win,false,114.400006,3432,166.3061,45,44,89,4000,4000,0,6000
A_siege_nub,A · 含器械（3弓+1盾+1矛+1弩兵）,level_1_1,1,3,3,0xD2E4F5F6,Lose,false,159.800008,4794,238.7594,45,18,63,0,4000,5903,6000
A_siege_nub,A · 含器械（3弓+1盾+1矛+1弩兵）,level_1_1,1,3,4,0xC71868BB,Win,false,114.666673,3440,158.5425,45,44,89,4000,4000,0,6000
A_siege_nub,A · 含器械（3弓+1盾+1矛+1弩兵）,level_1_1,1,3,5,0x8BE2DA3C,Lose,false,171.166676,5135,125.8202,45,21,66,0,4000,5905,6000
A_siege_nub,A · 含器械（3弓+1盾+1矛+1弩兵）,level_1_1,1,3,6,0xC4037FAE,Win,false,113.400006,3402,144.3374,45,41,86,3652,4000,0,6000
A_siege_nub,A · 含器械（3弓+1盾+1矛+1弩兵）,level_1_1,1,3,7,0xD52BA0F5,Win,false,114.900006,3447,118.184,45,44,89,4000,4000,0,6000
A_siege_nub,A · 含器械（3弓+1盾+1矛+1弩兵）,level_1_1,1,3,8,0x879F5D8F,Lose,false,341.833351,10255,225.9229,45,20,65,0,4000,6000,6000
A_siege_nub,A · 含器械（3弓+1盾+1矛+1弩兵）,level_1_1,1,3,9,0xE9FFF898,Lose,false,171.166676,5135,156.6999,45,21,66,0,4000,5609,6000
A_siege_nub,A · 含器械（3弓+1盾+1矛+1弩兵）,level_1_1,1,3,10,0xCB728E2E,Lose,false,156.166675,4685,198.6098,45,17,62,0,4000,5909,6000
A_siege_nub,A · 含器械（3弓+1盾+1矛+1弩兵）,level_1_1,1,3,11,0xCC576DD5,Lose,false,157.733342,4732,179.0437,45,16,61,0,4000,6000,6000
A_siege_nub,A · 含器械（3弓+1盾+1矛+1弩兵）,level_1_1,1,3,12,0x1C567943,Lose,false,171.166676,5135,140.08,45,21,66,0,4000,5477,6000
A_siege_nub,A · 含器械（3弓+1盾+1矛+1弩兵）,level_1_1,1,3,13,0xBCB06F7C,Win,false,114.400006,3432,138.004,45,41,86,3536,4000,0,6000
A_siege_nub,A · 含器械（3弓+1盾+1矛+1弩兵）,level_1_1,1,3,14,0x9AA94DB3,Win,false,113.400006,3402,159.4932,45,44,89,4000,4000,0,6000
A_siege_nub,A · 含器械（3弓+1盾+1矛+1弩兵）,level_1_1,1,3,15,0xD0F1F3BC,Lose,false,171.433342,5143,141.9211,45,21,66,0,4000,5645,6000
A_siege_nub,A · 含器械（3弓+1盾+1矛+1弩兵）,level_1_1,1,3,16,0x3E469B1F,Lose,false,156.266675,4688,245.361,45,17,62,0,4000,6000,6000
A_siege_nub,A · 含器械（3弓+1盾+1矛+1弩兵）,level_1_1,1,3,17,0x4984BC2D,Win,false,114.400006,3432,128.6157,45,41,86,3536,4000,0,6000
A_siege_nub,A · 含器械（3弓+1盾+1矛+1弩兵）,level_1_1,1,3,18,0x1E2F168D,Win,false,114.866673,3446,143.7209,45,44,89,4000,4000,0,6000
A_siege_nub,A · 含器械（3弓+1盾+1矛+1弩兵）,level_1_1,1,3,19,0x6327D6B2,None,true,600.000031,18000,209.9272,45,24,69,1970,4000,5924,6000
A_siege_nub,A · 含器械（3弓+1盾+1矛+1弩兵）,level_1_1,1,3,20,0xA7CA930A,Lose,false,156.166675,4685,147.3942,45,17,62,0,4000,5935,6000
A_siege_nub,A · 含器械（3弓+1盾+1矛+1弩兵）,level_1_1,1,3,21,0x40DE923F,Lose,false,156.200008,4686,141.7144,45,17,62,0,4000,5961,6000
A_siege_nub,A · 含器械（3弓+1盾+1矛+1弩兵）,level_1_1,1,3,22,0xC1BE5513,Win,false,114.000006,3420,164.9632,45,41,86,3594,4000,0,6000
A_siege_nub,A · 含器械（3弓+1盾+1矛+1弩兵）,level_1_1,1,3,23,0x689A233D,None,true,600.000031,18000,355.8456,45,24,69,4000,4000,1765,6000
A_siege_nub,A · 含器械（3弓+1盾+1矛+1弩兵）,level_1_1,1,3,24,0xB34F3D23,Win,false,113.400006,3402,146.0543,45,44,89,4000,4000,0,6000
A_siege_nub,A · 含器械（3弓+1盾+1矛+1弩兵）,level_1_1,1,3,25,0xC9859D96,Win,false,113.333339,3400,149.3842,45,41,86,3652,4000,0,6000
A_siege_nub,A · 含器械（3弓+1盾+1矛+1弩兵）,level_1_5,5,3,1,0x3CDB712D,Lose,false,301.166682,9035,359.767,45,20,65,0,4000,6000,6000
A_siege_nub,A · 含器械（3弓+1盾+1矛+1弩兵）,level_1_5,5,3,2,0x0D21F212,Lose,false,107.733339,3232,185.0218,45,14,59,0,4000,6000,6000
A_siege_nub,A · 含器械（3弓+1盾+1矛+1弩兵）,level_1_5,5,3,3,0x5F16DFC3,Lose,false,100.033339,3001,116.4331,45,17,62,0,4000,6000,6000
A_siege_nub,A · 含器械（3弓+1盾+1矛+1弩兵）,level_1_5,5,3,4,0x19314B34,Lose,false,116.733339,3502,124.5944,45,18,63,0,4000,6000,6000
A_siege_nub,A · 含器械（3弓+1盾+1矛+1弩兵）,level_1_5,5,3,5,0x3AADB0FF,Win,false,92.366671,2771,100.6622,45,47,92,1564,4000,0,6000
A_siege_nub,A · 含器械（3弓+1盾+1矛+1弩兵）,level_1_5,5,3,6,0x1AF0C266,Lose,false,116.600006,3498,131.0034,45,17,62,0,4000,6000,6000
A_siege_nub,A · 含器械（3弓+1盾+1矛+1弩兵）,level_1_5,5,3,7,0x553C6438,Lose,false,118.266673,3548,109.7545,45,21,66,0,4000,5613,6000
A_siege_nub,A · 含器械（3弓+1盾+1矛+1弩兵）,level_1_5,5,3,8,0xEEDA1445,Win,false,90.300005,2709,157.2984,45,44,89,1680,4000,0,6000
A_siege_nub,A · 含器械（3弓+1盾+1矛+1弩兵）,level_1_5,5,3,9,0x260EAFEC,Lose,false,116.633339,3499,109.2084,45,21,66,0,4000,5987,6000
A_siege_nub,A · 含器械（3弓+1盾+1矛+1弩兵）,level_1_5,5,3,10,0x8D9994B5,Lose,false,117.900006,3537,130.1435,45,20,65,0,4000,6000,6000
A_siege_nub,A · 含器械（3弓+1盾+1矛+1弩兵）,level_1_5,5,3,11,0x5EE20D72,Lose,false,95.400005,2862,159.8017,45,14,59,0,4000,6000,6000
A_siege_nub,A · 含器械（3弓+1盾+1矛+1弩兵）,level_1_5,5,3,12,0xF6C41854,Lose,false,92.533338,2776,117.7122,45,17,62,0,4000,6000,6000
A_siege_nub,A · 含器械（3弓+1盾+1矛+1弩兵）,level_1_5,5,3,13,0xCC1AF4D3,Win,false,92.433338,2773,99.3406,45,47,92,1564,4000,0,6000
A_siege_nub,A · 含器械（3弓+1盾+1矛+1弩兵）,level_1_5,5,3,14,0xC29B6FF3,Lose,false,99.800005,2994,115.7562,45,17,62,0,4000,6000,6000
A_siege_nub,A · 含器械（3弓+1盾+1矛+1弩兵）,level_1_5,5,3,15,0x43CE5061,Win,false,91.566671,2747,94.1102,45,47,92,1622,4000,0,6000
A_siege_nub,A · 含器械（3弓+1盾+1矛+1弩兵）,level_1_5,5,3,16,0xB184A480,Win,false,92.500005,2775,88.2522,45,50,95,2956,4000,0,6000
A_siege_nub,A · 含器械（3弓+1盾+1矛+1弩兵）,level_1_5,5,3,17,0x8782774A,None,true,600.000031,18000,562.1087,45,30,75,404,4000,1733,6000
A_siege_nub,A · 含器械（3弓+1盾+1矛+1弩兵）,level_1_5,5,3,18,0xE4012C1F,Lose,false,116.566673,3497,146.8384,45,18,63,0,4000,6000,6000
A_siege_nub,A · 含器械（3弓+1盾+1矛+1弩兵）,level_1_5,5,3,19,0xF1D7371E,Lose,false,127.03334,3811,101.7302,45,27,72,0,4000,5641,6000
A_siege_nub,A · 含器械（3弓+1盾+1矛+1弩兵）,level_1_5,5,3,20,0xF1AB6C04,Win,false,92.633338,2779,86.8701,45,47,92,1506,4000,0,6000
A_siege_nub,A · 含器械（3弓+1盾+1矛+1弩兵）,level_1_5,5,3,21,0x195FE031,Win,false,91.000005,2730,84.6349,45,44,89,1622,4000,0,6000
A_siege_nub,A · 含器械（3弓+1盾+1矛+1弩兵）,level_1_5,5,3,22,0x4E6FE13D,Lose,false,117.666673,3530,132.3523,45,17,62,0,4000,6000,6000
A_siege_nub,A · 含器械（3弓+1盾+1矛+1弩兵）,level_1_5,5,3,23,0xFB4B1B39,Win,false,92.700005,2781,113.729,45,47,92,1622,4000,0,6000
A_siege_nub,A · 含器械（3弓+1盾+1矛+1弩兵）,level_1_5,5,3,24,0x9DA292CF,Win,false,92.033338,2761,107.2722,45,50,95,4000,4000,0,6000
A_siege_nub,A · 含器械（3弓+1盾+1矛+1弩兵）,level_1_5,5,3,25,0x3099B372,Win,false,91.000005,2730,98.7596,45,47,92,3478,4000,0,6000
B_no_siege,B_worst · 无器械最差组合基准（3弓+2盾+1矛）,level_1_1,1,3,1,0xD809F129,Lose,false,153.500008,4605,329.7951,45,10,55,0,4000,6000,6000
B_no_siege,B_worst · 无器械最差组合基准（3弓+2盾+1矛）,level_1_1,1,3,2,0x23B8E5DF,Lose,false,232.000012,6960,526.0012,45,12,57,0,4000,6000,6000
B_no_siege,B_worst · 无器械最差组合基准（3弓+2盾+1矛）,level_1_1,1,3,3,0xDF60519E,Lose,false,200.733344,6022,368.3717,45,12,57,0,4000,6000,6000
B_no_siege,B_worst · 无器械最差组合基准（3弓+2盾+1矛）,level_1_1,1,3,4,0x7F2C9DD7,Lose,false,477.600025,14328,1788.7054,45,9,54,0,4000,6000,6000
B_no_siege,B_worst · 无器械最差组合基准（3弓+2盾+1矛）,level_1_1,1,3,5,0x7E57781C,Lose,false,486.633359,14599,795.6884,45,14,59,0,4000,6000,6000
B_no_siege,B_worst · 无器械最差组合基准（3弓+2盾+1矛）,level_1_1,1,3,6,0xBBC2A676,Lose,false,319.73335,9592,812.748,45,12,57,0,4000,6000,6000
B_no_siege,B_worst · 无器械最差组合基准（3弓+2盾+1矛）,level_1_1,1,3,7,0x0E8E2FF0,Lose,false,468.933358,14068,1465.5853,45,9,54,0,4000,6000,6000
B_no_siege,B_worst · 无器械最差组合基准（3弓+2盾+1矛）,level_1_1,1,3,8,0xA5790348,Lose,false,381.833353,11455,881.0536,45,11,56,0,4000,6000,6000
B_no_siege,B_worst · 无器械最差组合基准（3弓+2盾+1矛）,level_1_1,1,3,9,0x271879C0,Lose,false,476.200025,14286,954.8694,45,13,58,0,4000,6000,6000
B_no_siege,B_worst · 无器械最差组合基准（3弓+2盾+1矛）,level_1_1,1,3,10,0x2C2DD7D0,Lose,false,484.366692,14531,486.2561,45,16,61,0,4000,6000,6000
B_no_siege,B_worst · 无器械最差组合基准（3弓+2盾+1矛）,level_1_1,1,3,11,0x4C240BDB,Lose,false,207.200011,6216,434.0815,45,13,58,0,4000,6000,6000
B_no_siege,B_worst · 无器械最差组合基准（3弓+2盾+1矛）,level_1_1,1,3,12,0x66BEA3F4,Lose,false,156.133341,4684,377.6707,45,16,61,0,4000,6000,6000
B_no_siege,B_worst · 无器械最差组合基准（3弓+2盾+1矛）,level_1_1,1,3,13,0xEACF2814,None,true,600.000031,18000,2165.0055,45,9,54,1295,4000,6000,6000
B_no_siege,B_worst · 无器械最差组合基准（3弓+2盾+1矛）,level_1_1,1,3,14,0xF67851B2,Lose,false,204.800011,6144,382.8156,45,13,58,0,4000,6000,6000
B_no_siege,B_worst · 无器械最差组合基准（3弓+2盾+1矛）,level_1_1,1,3,15,0x75839D35,Lose,false,167.733342,5032,179.4763,45,16,61,0,4000,6000,6000
B_no_siege,B_worst · 无器械最差组合基准（3弓+2盾+1矛）,level_1_1,1,3,16,0xC282FAC7,Lose,false,313.900016,9417,488.0737,45,13,58,0,4000,6000,6000
B_no_siege,B_worst · 无器械最差组合基准（3弓+2盾+1矛）,level_1_1,1,3,17,0x2690D16A,Lose,false,483.733359,14512,1076.0175,45,14,59,0,4000,6000,6000
B_no_siege,B_worst · 无器械最差组合基准（3弓+2盾+1矛）,level_1_1,1,3,18,0xAB0C69B4,None,true,600.000031,18000,2212.068,45,9,54,1340,4000,6000,6000
B_no_siege,B_worst · 无器械最差组合基准（3弓+2盾+1矛）,level_1_1,1,3,19,0xE165AF89,Lose,false,152.666675,4580,191.9782,45,14,59,0,4000,6000,6000
B_no_siege,B_worst · 无器械最差组合基准（3弓+2盾+1矛）,level_1_1,1,3,20,0xC6001DA3,Lose,false,483.433359,14503,745.5159,45,14,59,0,4000,6000,6000
B_no_siege,B_worst · 无器械最差组合基准（3弓+2盾+1矛）,level_1_1,1,3,21,0x7337F059,Lose,false,467.633358,14029,1609.8977,45,9,54,0,4000,6000,6000
B_no_siege,B_worst · 无器械最差组合基准（3弓+2盾+1矛）,level_1_1,1,3,22,0x2AAE4E27,Lose,false,139.700007,4191,196.2495,45,12,57,0,4000,6000,6000
B_no_siege,B_worst · 无器械最差组合基准（3弓+2盾+1矛）,level_1_1,1,3,23,0x8E312DD2,Lose,false,488.633359,14659,813.2949,45,14,59,0,4000,6000,6000
B_no_siege,B_worst · 无器械最差组合基准（3弓+2盾+1矛）,level_1_1,1,3,24,0xDAEC3AF7,Lose,false,326.966684,9809,654.7486,45,13,58,0,4000,6000,6000
B_no_siege,B_worst · 无器械最差组合基准（3弓+2盾+1矛）,level_1_1,1,3,25,0xEBEC71EE,Lose,false,167.633342,5029,222.3688,45,14,59,0,4000,6000,6000
B_no_siege,B_worst · 无器械最差组合基准（3弓+2盾+1矛）,level_1_5,5,3,1,0xDFE1E3C6,Lose,false,245.933346,7378,931.9101,45,9,54,0,4000,6000,6000
B_no_siege,B_worst · 无器械最差组合基准（3弓+2盾+1矛）,level_1_5,5,3,2,0x90B3134A,Lose,false,82.400004,2472,140.0895,45,11,56,0,4000,6000,6000
B_no_siege,B_worst · 无器械最差组合基准（3弓+2盾+1矛）,level_1_5,5,3,3,0xA99F6EC7,Lose,false,88.900005,2667,197.4979,45,10,55,0,4000,6000,6000
B_no_siege,B_worst · 无器械最差组合基准（3弓+2盾+1矛）,level_1_5,5,3,4,0xCCB23064,Lose,false,84.333338,2530,183.2289,45,10,55,0,4000,6000,6000
B_no_siege,B_worst · 无器械最差组合基准（3弓+2盾+1矛）,level_1_5,5,3,5,0xDD60525B,Lose,false,278.400015,8352,733.309,45,10,55,0,4000,6000,6000
B_no_siege,B_worst · 无器械最差组合基准（3弓+2盾+1矛）,level_1_5,5,3,6,0x3240600E,Lose,false,83.500004,2505,147.0981,45,9,54,0,4000,6000,6000
B_no_siege,B_worst · 无器械最差组合基准（3弓+2盾+1矛）,level_1_5,5,3,7,0xF6765AEE,Lose,false,78.366671,2351,183.4688,45,8,53,0,4000,6000,6000
B_no_siege,B_worst · 无器械最差组合基准（3弓+2盾+1矛）,level_1_5,5,3,8,0x985B0B1B,Lose,false,97.266672,2918,293.4965,45,9,54,0,4000,6000,6000
B_no_siege,B_worst · 无器械最差组合基准（3弓+2盾+1矛）,level_1_5,5,3,9,0xDE3AE767,Lose,false,90.200005,2706,146.9584,45,12,57,0,4000,6000,6000
B_no_siege,B_worst · 无器械最差组合基准（3弓+2盾+1矛）,level_1_5,5,3,10,0xD81E878C,Lose,false,84.100004,2523,158.6386,45,11,56,0,4000,6000,6000
B_no_siege,B_worst · 无器械最差组合基准（3弓+2盾+1矛）,level_1_5,5,3,11,0x150F7C9B,Lose,false,90.933338,2728,203.9188,45,10,55,0,4000,6000,6000
B_no_siege,B_worst · 无器械最差组合基准（3弓+2盾+1矛）,level_1_5,5,3,12,0xA9105B75,Lose,false,83.700004,2511,225.8787,45,8,53,0,4000,6000,6000
B_no_siege,B_worst · 无器械最差组合基准（3弓+2盾+1矛）,level_1_5,5,3,13,0xEDABE30A,Lose,false,71.033337,2131,165.9334,45,10,55,0,4000,,
B_no_siege,B_worst · 无器械最差组合基准（3弓+2盾+1矛）,level_1_5,5,3,14,0xA897960F,Lose,false,78.600004,2358,204.525,45,8,53,0,4000,6000,6000
B_no_siege,B_worst · 无器械最差组合基准（3弓+2盾+1矛）,level_1_5,5,3,15,0x109D3FA4,Lose,false,77.966671,2339,165.2219,45,10,55,0,4000,6000,6000
B_no_siege,B_worst · 无器械最差组合基准（3弓+2盾+1矛）,level_1_5,5,3,16,0x5A556610,Lose,false,89.566671,2687,173.4555,45,12,57,0,4000,6000,6000
B_no_siege,B_worst · 无器械最差组合基准（3弓+2盾+1矛）,level_1_5,5,3,17,0x2474B63B,Lose,false,261.133347,7834,1087.4846,45,9,54,0,4000,6000,6000
B_no_siege,B_worst · 无器械最差组合基准（3弓+2盾+1矛）,level_1_5,5,3,18,0xE4C26322,Lose,false,66.333337,1990,137.0379,45,9,54,0,4000,,
B_no_siege,B_worst · 无器械最差组合基准（3弓+2盾+1矛）,level_1_5,5,3,19,0xBC689951,Lose,false,90.800005,2724,288.9402,45,9,54,0,4000,6000,6000
B_no_siege,B_worst · 无器械最差组合基准（3弓+2盾+1矛）,level_1_5,5,3,20,0x471F30F0,Lose,false,99.100005,2973,312.4177,45,9,54,0,4000,6000,6000
B_no_siege,B_worst · 无器械最差组合基准（3弓+2盾+1矛）,level_1_5,5,3,21,0x812D6E70,Lose,false,100.000005,3000,220.8495,45,12,57,0,4000,6000,6000
B_no_siege,B_worst · 无器械最差组合基准（3弓+2盾+1矛）,level_1_5,5,3,22,0xB08C7821,Lose,false,87.966671,2639,213.0825,45,11,56,0,4000,6000,6000
B_no_siege,B_worst · 无器械最差组合基准（3弓+2盾+1矛）,level_1_5,5,3,23,0xCE80BB45,Lose,false,87.966671,2639,221.9491,45,10,55,0,4000,6000,6000
B_no_siege,B_worst · 无器械最差组合基准（3弓+2盾+1矛）,level_1_5,5,3,24,0xE4E68191,Lose,false,76.700004,2301,145.2518,45,12,57,0,4000,6000,6000
B_no_siege,B_worst · 无器械最差组合基准（3弓+2盾+1矛）,level_1_5,5,3,25,0xAE43C49B,Lose,false,97.400005,2922,175.5759,45,13,58,0,4000,6000,6000
B_fair_s1,B_fair_s1 · 无器械 3 列最优（3轻骑+1长矛+1卒）,level_1_1,1,3,1,0x0CC93193,Lose,false,452.633357,13579,1732.4122,45,10,55,0,4000,6000,6000
B_fair_s1,B_fair_s1 · 无器械 3 列最优（3轻骑+1长矛+1卒）,level_1_1,1,3,2,0x7593D92E,None,true,600.000031,18000,1455.4232,45,15,60,1730,4000,6000,6000
B_fair_s1,B_fair_s1 · 无器械 3 列最优（3轻骑+1长矛+1卒）,level_1_1,1,3,3,0xD875D0D5,Lose,false,224.666678,6740,747.8803,45,10,55,0,4000,6000,6000
B_fair_s1,B_fair_s1 · 无器械 3 列最优（3轻骑+1长矛+1卒）,level_1_1,1,3,4,0x2F877DA2,Lose,false,140.500007,4215,282.3212,45,10,55,0,4000,6000,6000
B_fair_s1,B_fair_s1 · 无器械 3 列最优（3轻骑+1长矛+1卒）,level_1_1,1,3,5,0xC658EADB,Lose,false,465.533358,13966,1366.0247,45,11,56,0,4000,6000,6000
B_fair_s1,B_fair_s1 · 无器械 3 列最优（3轻骑+1长矛+1卒）,level_1_1,1,3,6,0xBB7F0C1A,Lose,false,145.266674,4358,274.8501,45,13,58,0,4000,6000,6000
B_fair_s1,B_fair_s1 · 无器械 3 列最优（3轻骑+1长矛+1卒）,level_1_1,1,3,7,0x05704DE4,Lose,false,157.366675,4721,278.256,45,13,58,0,4000,6000,6000
B_fair_s1,B_fair_s1 · 无器械 3 列最优（3轻骑+1长矛+1卒）,level_1_1,1,3,8,0x9555BBC2,None,true,600.000031,18000,166.7662,45,24,69,3695,4000,5766,6000
B_fair_s1,B_fair_s1 · 无器械 3 列最优（3轻骑+1长矛+1卒）,level_1_1,1,3,9,0x6790B054,Lose,false,310.300016,9309,1033.5176,45,10,55,0,4000,6000,6000
B_fair_s1,B_fair_s1 · 无器械 3 列最优（3轻骑+1长矛+1卒）,level_1_1,1,3,10,0x42DB1BB9,Lose,false,267.066681,8012,512.9463,45,12,57,0,4000,6000,6000
B_fair_s1,B_fair_s1 · 无器械 3 列最优（3轻骑+1长矛+1卒）,level_1_1,1,3,11,0x1429468F,Lose,false,151.300008,4539,151.1912,45,15,60,0,4000,6000,6000
B_fair_s1,B_fair_s1 · 无器械 3 列最优（3轻骑+1长矛+1卒）,level_1_1,1,3,12,0xA3EFA693,Lose,false,230.200012,6906,327.0994,45,13,58,0,4000,6000,6000
B_fair_s1,B_fair_s1 · 无器械 3 列最优（3轻骑+1长矛+1卒）,level_1_1,1,3,13,0xB0804CAD,None,true,600.000031,18000,153.0421,45,24,69,3839,4000,5714,6000
B_fair_s1,B_fair_s1 · 无器械 3 列最优（3轻骑+1长矛+1卒）,level_1_1,1,3,14,0x9BA3B4C7,Lose,false,364.200019,10926,886.1181,45,16,61,0,4000,6000,6000
B_fair_s1,B_fair_s1 · 无器械 3 列最优（3轻骑+1长矛+1卒）,level_1_1,1,3,15,0x4A5F691A,Lose,false,321.13335,9634,390.0111,45,14,59,0,4000,6000,6000
B_fair_s1,B_fair_s1 · 无器械 3 列最优（3轻骑+1长矛+1卒）,level_1_1,1,3,16,0x48F32E24,None,true,600.000031,18000,301.5032,45,24,69,3827,4000,5896,6000
B_fair_s1,B_fair_s1 · 无器械 3 列最优（3轻骑+1长矛+1卒）,level_1_1,1,3,17,0x8BC0AF5F,Lose,false,156.166675,4685,185.4042,45,18,63,0,4000,6000,6000
B_fair_s1,B_fair_s1 · 无器械 3 列最优（3轻骑+1长矛+1卒）,level_1_1,1,3,18,0x5B4B090A,Lose,false,452.600024,13578,1902.5426,45,10,55,0,4000,6000,6000
B_fair_s1,B_fair_s1 · 无器械 3 列最优（3轻骑+1长矛+1卒）,level_1_1,1,3,19,0x7720D3DF,None,true,600.000031,18000,1286.2476,45,15,60,1375,4000,6000,6000
B_fair_s1,B_fair_s1 · 无器械 3 列最优（3轻骑+1长矛+1卒）,level_1_1,1,3,20,0xC63BAB32,Lose,false,156.266675,4688,173.2231,45,18,63,0,4000,6000,6000
B_fair_s1,B_fair_s1 · 无器械 3 列最优（3轻骑+1长矛+1卒）,level_1_1,1,3,21,0xD8EBE11C,Lose,false,452.633357,13579,1817.9321,45,10,55,0,4000,6000,6000
B_fair_s1,B_fair_s1 · 无器械 3 列最优（3轻骑+1长矛+1卒）,level_1_1,1,3,22,0x3DCE5C78,Lose,false,291.633349,8749,378.7004,45,15,60,0,4000,6000,6000
B_fair_s1,B_fair_s1 · 无器械 3 列最优（3轻骑+1长矛+1卒）,level_1_1,1,3,23,0x3E65CC58,Lose,false,328.300017,9849,1189.31,45,10,55,0,4000,6000,6000
B_fair_s1,B_fair_s1 · 无器械 3 列最优（3轻骑+1长矛+1卒）,level_1_1,1,3,24,0x7A3F7A4F,Lose,false,144.566674,4337,186.9547,45,12,57,0,4000,6000,6000
B_fair_s1,B_fair_s1 · 无器械 3 列最优（3轻骑+1长矛+1卒）,level_1_1,1,3,25,0x3BACCE74,Lose,false,453.600024,13608,1341.4918,45,10,55,0,4000,6000,6000
B_fair_s1,B_fair_s1 · 无器械 3 列最优（3轻骑+1长矛+1卒）,level_1_5,5,3,1,0xEE21F7E5,Lose,false,95.833338,2875,129.0835,45,14,59,0,4000,6000,6000
B_fair_s1,B_fair_s1 · 无器械 3 列最优（3轻骑+1长矛+1卒）,level_1_5,5,3,2,0xCB7ACEEB,Lose,false,98.600005,2958,183.9283,45,12,57,0,4000,6000,6000
B_fair_s1,B_fair_s1 · 无器械 3 列最优（3轻骑+1长矛+1卒）,level_1_5,5,3,3,0xC65B10B8,Lose,false,86.066671,2582,88.1631,45,15,60,0,4000,6000,6000
B_fair_s1,B_fair_s1 · 无器械 3 列最优（3轻骑+1长矛+1卒）,level_1_5,5,3,4,0x2DC4115E,Lose,false,94.766672,2843,164.7361,45,12,57,0,4000,6000,6000
B_fair_s1,B_fair_s1 · 无器械 3 列最优（3轻骑+1长矛+1卒）,level_1_5,5,3,5,0x521F5389,Lose,false,377.30002,11319,573.7222,45,17,62,0,4000,6000,6000
B_fair_s1,B_fair_s1 · 无器械 3 列最优（3轻骑+1长矛+1卒）,level_1_5,5,3,6,0xB5ABD87E,Lose,false,261.133347,7834,580.8867,45,11,56,0,4000,6000,6000
B_fair_s1,B_fair_s1 · 无器械 3 列最优（3轻骑+1长矛+1卒）,level_1_5,5,3,7,0x1A2B9AAC,Lose,false,102.866672,3086,162.9009,45,16,61,0,4000,6000,6000
B_fair_s1,B_fair_s1 · 无器械 3 列最优（3轻骑+1长矛+1卒）,level_1_5,5,3,8,0x46BBEC73,Lose,false,80.466671,2414,118.0243,45,16,61,0,4000,6000,6000
B_fair_s1,B_fair_s1 · 无器械 3 列最优（3轻骑+1长矛+1卒）,level_1_5,5,3,9,0x5D87ACC9,Lose,false,78.500004,2355,153.9937,45,9,54,0,4000,6000,6000
B_fair_s1,B_fair_s1 · 无器械 3 列最优（3轻骑+1长矛+1卒）,level_1_5,5,3,10,0xABC5C006,Lose,false,91.600005,2748,240.9598,45,10,55,0,4000,6000,6000
B_fair_s1,B_fair_s1 · 无器械 3 列最优（3轻骑+1长矛+1卒）,level_1_5,5,3,11,0x6B643564,Lose,false,114.666673,3440,110.2795,45,17,62,0,4000,6000,6000
B_fair_s1,B_fair_s1 · 无器械 3 列最优（3轻骑+1长矛+1卒）,level_1_5,5,3,12,0x54D0B380,Lose,false,107.733339,3232,209.7196,45,12,57,0,4000,6000,6000
B_fair_s1,B_fair_s1 · 无器械 3 列最优（3轻骑+1长矛+1卒）,level_1_5,5,3,13,0x16B2C8D0,Lose,false,101.266672,3038,145.4491,45,16,61,0,4000,6000,6000
B_fair_s1,B_fair_s1 · 无器械 3 列最优（3轻骑+1长矛+1卒）,level_1_5,5,3,14,0xBAB50F84,Lose,false,379.866686,11396,1463.4555,45,12,57,0,4000,6000,6000
B_fair_s1,B_fair_s1 · 无器械 3 列最优（3轻骑+1长矛+1卒）,level_1_5,5,3,15,0x73F5C6E6,Lose,false,68.500004,2055,131.943,45,12,57,0,4000,,
B_fair_s1,B_fair_s1 · 无器械 3 列最优（3轻骑+1长矛+1卒）,level_1_5,5,3,16,0xAE050D32,Lose,false,99.333339,2980,163.0771,45,16,61,0,4000,6000,6000
B_fair_s1,B_fair_s1 · 无器械 3 列最优（3轻骑+1长矛+1卒）,level_1_5,5,3,17,0xFBCA1683,Lose,false,68.533337,2056,142.4819,45,9,54,0,4000,,
B_fair_s1,B_fair_s1 · 无器械 3 列最优（3轻骑+1长矛+1卒）,level_1_5,5,3,18,0x9A5F6BCE,Lose,false,67.000003,2010,121.4692,45,9,54,0,4000,,
B_fair_s1,B_fair_s1 · 无器械 3 列最优（3轻骑+1长矛+1卒）,level_1_5,5,3,19,0x93F49BFD,Lose,false,97.366672,2921,228.381,45,11,56,0,4000,6000,6000
B_fair_s1,B_fair_s1 · 无器械 3 列最优（3轻骑+1长矛+1卒）,level_1_5,5,3,20,0x11EC4CB8,Lose,false,259.933347,7798,690.4769,45,15,60,0,4000,6000,6000
B_fair_s1,B_fair_s1 · 无器械 3 列最优（3轻骑+1长矛+1卒）,level_1_5,5,3,21,0x971B1025,Lose,false,106.533339,3196,160.4783,45,14,59,0,4000,6000,6000
B_fair_s1,B_fair_s1 · 无器械 3 列最优（3轻骑+1长矛+1卒）,level_1_5,5,3,22,0x56E69FEA,Lose,false,408.466688,12254,922.9491,45,15,60,0,4000,6000,6000
B_fair_s1,B_fair_s1 · 无器械 3 列最优（3轻骑+1长矛+1卒）,level_1_5,5,3,23,0x26683187,Lose,false,96.433338,2893,280.081,45,10,55,0,4000,6000,6000
B_fair_s1,B_fair_s1 · 无器械 3 列最优（3轻骑+1长矛+1卒）,level_1_5,5,3,24,0x2B40F4CB,Lose,false,99.733339,2992,127.2075,45,18,63,0,4000,6000,6000
B_fair_s1,B_fair_s1 · 无器械 3 列最优（3轻骑+1长矛+1卒）,level_1_5,5,3,25,0x8EE84AC7,Lose,false,122.300006,3669,228.9065,45,13,58,0,4000,6000,6000
B_fair_s5,B_fair_s5 · 无器械 5 列最优（2链甲+2轻骑+1长矛+1卒）,level_1_1,1,5,1,0x71ADCAFF,Lose,false,171.600009,5148,285.3698,45,21,66,0,4000,6000,6000
B_fair_s5,B_fair_s5 · 无器械 5 列最优（2链甲+2轻骑+1长矛+1卒）,level_1_1,1,5,2,0xD6BB9E46,None,true,600.000031,18000,336.184,45,24,69,3884,4000,2092,6000
B_fair_s5,B_fair_s5 · 无器械 5 列最优（2链甲+2轻骑+1长矛+1卒）,level_1_1,1,5,3,0x0B12931F,None,true,600.000031,18000,219.3587,45,24,69,3884,4000,2170,6000
B_fair_s5,B_fair_s5 · 无器械 5 列最优（2链甲+2轻骑+1长矛+1卒）,level_1_1,1,5,4,0x775AAB47,None,true,600.000031,18000,354.2513,45,24,69,4000,4000,4141,6000
B_fair_s5,B_fair_s5 · 无器械 5 列最优（2链甲+2轻骑+1长矛+1卒）,level_1_1,1,5,5,0x6479119E,Lose,false,169.300009,5079,219.3143,45,21,66,0,4000,4453,6000
B_fair_s5,B_fair_s5 · 无器械 5 列最优（2链甲+2轻骑+1长矛+1卒）,level_1_1,1,5,6,0x8F14A5DB,Lose,false,169.300009,5079,253.2179,45,21,66,0,4000,5881,6000
B_fair_s5,B_fair_s5 · 无器械 5 列最优（2链甲+2轻骑+1长矛+1卒）,level_1_1,1,5,7,0x6E56C98C,None,true,600.000031,18000,234.1817,45,24,69,4000,4000,3070,6000
B_fair_s5,B_fair_s5 · 无器械 5 列最优（2链甲+2轻骑+1长矛+1卒）,level_1_1,1,5,8,0x5B8555DF,None,true,600.000031,18000,379.486,45,24,69,4000,4000,4022,6000
B_fair_s5,B_fair_s5 · 无器械 5 列最优（2链甲+2轻骑+1长矛+1卒）,level_1_1,1,5,9,0xD6E76540,Lose,false,169.400009,5082,223.8067,45,21,66,0,4000,6000,6000
B_fair_s5,B_fair_s5 · 无器械 5 列最优（2链甲+2轻骑+1长矛+1卒）,level_1_1,1,5,10,0x73A07487,Lose,false,170.200009,5106,274.1344,45,21,66,0,4000,4572,6000
B_fair_s5,B_fair_s5 · 无器械 5 列最优（2链甲+2轻骑+1长矛+1卒）,level_1_1,1,5,11,0xDB25E9FF,None,true,600.000031,18000,236.3473,45,24,69,4000,4000,4007,6000
B_fair_s5,B_fair_s5 · 无器械 5 列最优（2链甲+2轻骑+1长矛+1卒）,level_1_1,1,5,12,0xA55D64B2,None,true,600.000031,18000,237.2307,45,24,69,4000,4000,2133,6000
B_fair_s5,B_fair_s5 · 无器械 5 列最优（2链甲+2轻骑+1长矛+1卒）,level_1_1,1,5,13,0x30AF2AB7,None,true,600.000031,18000,210.0924,45,24,69,4000,4000,2434,6000
B_fair_s5,B_fair_s5 · 无器械 5 列最优（2链甲+2轻骑+1长矛+1卒）,level_1_1,1,5,14,0x6ACDA92B,None,true,600.000031,18000,254.8222,45,24,69,4000,4000,2404,6000
B_fair_s5,B_fair_s5 · 无器械 5 列最优（2链甲+2轻骑+1长矛+1卒）,level_1_1,1,5,15,0x22FC7D3F,None,true,600.000031,18000,222.2361,45,24,69,4000,4000,2330,6000
B_fair_s5,B_fair_s5 · 无器械 5 列最优（2链甲+2轻骑+1长矛+1卒）,level_1_1,1,5,16,0x0622B9D2,Lose,false,170.266676,5108,233.065,45,21,66,0,4000,4453,6000
B_fair_s5,B_fair_s5 · 无器械 5 列最优（2链甲+2轻骑+1长矛+1卒）,level_1_1,1,5,17,0x7202FA9E,Lose,false,171.266676,5138,218.9908,45,21,66,0,4000,4453,6000
B_fair_s5,B_fair_s5 · 无器械 5 列最优（2链甲+2轻骑+1长矛+1卒）,level_1_1,1,5,18,0x8774AAF6,None,true,600.000031,18000,269.4694,45,24,69,3826,4000,2382,6000
B_fair_s5,B_fair_s5 · 无器械 5 列最优（2链甲+2轻骑+1长矛+1卒）,level_1_1,1,5,19,0x57661F83,None,true,600.000031,18000,214.9447,45,24,69,4000,4000,2263,6000
B_fair_s5,B_fair_s5 · 无器械 5 列最优（2链甲+2轻骑+1长矛+1卒）,level_1_1,1,5,20,0x06508CC8,Lose,false,170.433342,5113,241.1694,45,21,66,0,4000,4453,6000
B_fair_s5,B_fair_s5 · 无器械 5 列最优（2链甲+2轻骑+1长矛+1卒）,level_1_1,1,5,21,0xEEF962AC,None,true,600.000031,18000,210.8079,45,24,69,3710,4000,4059,6000
B_fair_s5,B_fair_s5 · 无器械 5 列最优（2链甲+2轻骑+1长矛+1卒）,level_1_1,1,5,22,0x973CFCBA,None,true,600.000031,18000,298.3557,45,24,69,3884,4000,4115,6000
B_fair_s5,B_fair_s5 · 无器械 5 列最优（2链甲+2轻骑+1长矛+1卒）,level_1_1,1,5,23,0x1DDCA50F,None,true,600.000031,18000,384.3249,45,24,69,3826,4000,4141,6000
B_fair_s5,B_fair_s5 · 无器械 5 列最优（2链甲+2轻骑+1长矛+1卒）,level_1_1,1,5,24,0xA6DD3791,None,true,600.000031,18000,215.3218,45,24,69,4000,4000,2289,6000
B_fair_s5,B_fair_s5 · 无器械 5 列最优（2链甲+2轻骑+1长矛+1卒）,level_1_1,1,5,25,0x05CDE746,None,true,600.000031,18000,208.6216,45,24,69,4000,4000,3851,6000
B_fair_s5,B_fair_s5 · 无器械 5 列最优（2链甲+2轻骑+1长矛+1卒）,level_1_5,5,5,1,0x9D8A0154,Lose,false,146.800008,4404,160.6639,45,27,72,0,4000,2685,6000
B_fair_s5,B_fair_s5 · 无器械 5 列最优（2链甲+2轻骑+1长矛+1卒）,level_1_5,5,5,2,0x69BD1F04,None,true,600.000031,18000,231.0916,45,30,75,3768,4000,2568,6000
B_fair_s5,B_fair_s5 · 无器械 5 列最优（2链甲+2轻骑+1长矛+1卒）,level_1_5,5,5,3,0x81E2BF6A,None,true,600.000031,18000,184.0538,45,30,75,3594,4000,2724,6000
B_fair_s5,B_fair_s5 · 无器械 5 列最优（2链甲+2轻骑+1长矛+1卒）,level_1_5,5,5,4,0x17FD19CD,None,true,600.000031,18000,175.273,45,30,75,4000,4000,2393,6000
B_fair_s5,B_fair_s5 · 无器械 5 列最优（2链甲+2轻骑+1长矛+1卒）,level_1_5,5,5,5,0x2C58964F,None,true,600.000031,18000,248.205,45,30,75,4000,4000,3200,6000
B_fair_s5,B_fair_s5 · 无器械 5 列最优（2链甲+2轻骑+1长矛+1卒）,level_1_5,5,5,6,0xECBC49E7,Lose,false,128.73334,3862,178.6627,45,24,69,0,4000,6000,6000
B_fair_s5,B_fair_s5 · 无器械 5 列最优（2链甲+2轻骑+1长矛+1卒）,level_1_5,5,5,7,0xD593FFC7,Lose,false,144.733341,4342,141.4073,45,27,72,0,4000,3263,6000
B_fair_s5,B_fair_s5 · 无器械 5 列最优（2链甲+2轻骑+1长矛+1卒）,level_1_5,5,5,8,0xE70214B2,None,true,600.000031,18000,218.7677,45,30,75,3884,4000,2419,6000
B_fair_s5,B_fair_s5 · 无器械 5 列最优（2链甲+2轻骑+1长矛+1卒）,level_1_5,5,5,9,0x1714C978,Lose,false,125.13334,3754,189.6868,45,24,69,0,4000,6000,6000
B_fair_s5,B_fair_s5 · 无器械 5 列最优（2链甲+2轻骑+1长矛+1卒）,level_1_5,5,5,10,0x494A42C5,None,true,600.000031,18000,192.2308,45,30,75,4000,4000,2475,6000
B_fair_s5,B_fair_s5 · 无器械 5 列最优（2链甲+2轻骑+1长矛+1卒）,level_1_5,5,5,11,0x234EABCC,None,true,600.000031,18000,177.1591,45,30,75,3420,4000,2843,6000
B_fair_s5,B_fair_s5 · 无器械 5 列最优（2链甲+2轻骑+1长矛+1卒）,level_1_5,5,5,12,0x30DD4A37,Lose,false,131.53334,3946,260.8689,45,24,69,0,4000,6000,6000
B_fair_s5,B_fair_s5 · 无器械 5 列最优（2链甲+2轻骑+1长矛+1卒）,level_1_5,5,5,13,0xAAE739BA,None,true,600.000031,18000,415.2673,45,30,75,3826,4000,1964,6000
B_fair_s5,B_fair_s5 · 无器械 5 列最优（2链甲+2轻骑+1长矛+1卒）,level_1_5,5,5,14,0xF7DBB512,Lose,false,109.733339,3292,229.19,45,19,64,0,4000,6000,6000
B_fair_s5,B_fair_s5 · 无器械 5 列最优（2链甲+2轻骑+1长矛+1卒）,level_1_5,5,5,15,0xAE4F006E,None,true,600.000031,18000,199.6383,45,30,75,3942,4000,2315,6000
B_fair_s5,B_fair_s5 · 无器械 5 列最优（2链甲+2轻骑+1长矛+1卒）,level_1_5,5,5,16,0x861E0EAF,None,true,600.000031,18000,204.5508,45,30,75,4000,4000,2070,6000
B_fair_s5,B_fair_s5 · 无器械 5 列最优（2链甲+2轻骑+1长矛+1卒）,level_1_5,5,5,17,0xBEB2640A,None,true,600.000031,18000,191.6525,45,30,75,4000,4000,2579,6000
B_fair_s5,B_fair_s5 · 无器械 5 列最优（2链甲+2轻骑+1长矛+1卒）,level_1_5,5,5,18,0xB458FF73,None,true,600.000031,18000,240.4252,45,30,75,4000,4000,2605,6000
B_fair_s5,B_fair_s5 · 无器械 5 列最优（2链甲+2轻骑+1长矛+1卒）,level_1_5,5,5,19,0xDD6F9FA8,None,true,600.000031,18000,187.0347,45,30,75,4000,4000,2408,6000
B_fair_s5,B_fair_s5 · 无器械 5 列最优（2链甲+2轻骑+1长矛+1卒）,level_1_5,5,5,20,0xFDCB9445,None,true,600.000031,18000,245.1472,45,30,75,3942,4000,2343,6000
B_fair_s5,B_fair_s5 · 无器械 5 列最优（2链甲+2轻骑+1长矛+1卒）,level_1_5,5,5,21,0x672D0F64,None,true,600.000031,18000,182.361,45,30,75,4000,4000,2590,6000
B_fair_s5,B_fair_s5 · 无器械 5 列最优（2链甲+2轻骑+1长矛+1卒）,level_1_5,5,5,22,0x1EFC6C84,None,true,600.000031,18000,251.4258,45,30,75,3536,4000,3505,6000
B_fair_s5,B_fair_s5 · 无器械 5 列最优（2链甲+2轻骑+1长矛+1卒）,level_1_5,5,5,23,0xFEF80372,Lose,false,225.733345,6772,351.5292,45,24,69,0,4000,6000,6000
B_fair_s5,B_fair_s5 · 无器械 5 列最优（2链甲+2轻骑+1长矛+1卒）,level_1_5,5,5,24,0x2C51BB19,Lose,false,111.900006,3357,175.6707,45,21,66,0,4000,6000,6000
B_fair_s5,B_fair_s5 · 无器械 5 列最优（2链甲+2轻骑+1长矛+1卒）,level_1_5,5,5,25,0x7D604680,Lose,false,145.966674,4379,139.9071,45,27,72,0,4000,2406,6000
