lineup_id,lineup_name,level_id,stage_index,unlocked_cells,game_index,seed_hex,result,timed_out,duration_s,ticks,wall_ms,start_coins,dropped_coins,end_coins,ally_base_hp,ally_base_max_hp,boss_hp,boss_max_hp,peak_concurrent_units,last_ally_entry_s,enemy_deaths,enemy_death_y_p90
A_real_s1,A_real_s1 · 真实开局（弩车2+长矛+冰+重骑，3×3 满格）,level_1_1,1,9,1,0x4596C624,Win,false,76.333337,2290,77.0913,45,72,117,3652,4000,0,3600,8,8,47,5.157586
A_real_s1,A_real_s1 · 真实开局（弩车2+长矛+冰+重骑，3×3 满格）,level_1_1,1,9,2,0x3713192D,Win,false,80.066671,2402,102.7218,45,70,115,4000,4000,0,3600,7,8,47,5.680017
A_real_s1,A_real_s1 · 真实开局（弩车2+长矛+冰+重骑，3×3 满格）,level_1_1,1,9,3,0xD2E4F5F6,Win,false,99.133339,2974,109.7992,45,93,138,3942,4000,0,3600,9,8,60,5.934567
A_real_s1,A_real_s1 · 真实开局（弩车2+长矛+冰+重骑，3×3 满格）,level_1_1,1,9,4,0xC71868BB,None,true,160.000008,4800,2505.7298,45,28,73,3472,4000,3600,3600,42,8,26,4.991618
A_real_s1,A_real_s1 · 真实开局（弩车2+长矛+冰+重骑，3×3 满格）,level_1_1,1,9,5,0x8BE2DA3C,Win,false,84.900004,2547,130.5174,45,79,124,2956,4000,0,3600,8,8,50,5.257408
A_real_s1,A_real_s1 · 真实开局（弩车2+长矛+冰+重骑，3×3 满格）,level_1_1,1,9,6,0xC4037FAE,Win,false,76.400004,2292,96.1275,45,71,116,3710,4000,0,3600,8,8,46,4.920806
A_real_s1,A_real_s1 · 真实开局（弩车2+长矛+冰+重骑，3×3 满格）,level_1_1,1,9,7,0xD52BA0F5,Win,false,76.100004,2283,121.2981,45,72,117,4000,4000,0,3600,11,8,47,5.868959
A_real_s1,A_real_s1 · 真实开局（弩车2+长矛+冰+重骑，3×3 满格）,level_1_1,1,9,8,0x879F5D8F,Win,false,78.566671,2357,96.8893,45,67,112,3304,4000,0,3600,7,8,44,5.541039
A_real_s1,A_real_s1 · 真实开局（弩车2+长矛+冰+重骑，3×3 满格）,level_1_1,1,9,9,0xE9FFF898,Win,false,77.533337,2326,84.8733,45,72,117,4000,4000,0,3600,7,8,47,5.326016
A_real_s1,A_real_s1 · 真实开局（弩车2+长矛+冰+重骑，3×3 满格）,level_1_1,1,9,10,0xCB728E2E,Win,false,76.466671,2294,96.2764,45,71,116,3478,4000,0,3600,7,8,46,5.600002
A_real_s1,A_real_s1 · 真实开局（弩车2+长矛+冰+重骑，3×3 满格）,level_1_1,1,9,11,0xCC576DD5,Win,false,77.300004,2319,109.137,45,72,117,4000,4000,0,3600,10,8,47,6.018368
A_real_s1,A_real_s1 · 真实开局（弩车2+长矛+冰+重骑，3×3 满格）,level_1_1,1,9,12,0x1C567943,Win,false,76.500004,2295,162.7963,45,66,111,3536,4000,0,3600,10,8,41,4.997286
A_real_s1,A_real_s1 · 真实开局（弩车2+长矛+冰+重骑，3×3 满格）,level_1_1,1,9,13,0xBCB06F7C,Win,false,79.766671,2393,147.1665,45,74,119,4000,4000,0,3600,13,8,49,5.324042
A_real_s1,A_real_s1 · 真实开局（弩车2+长矛+冰+重骑，3×3 满格）,level_1_1,1,9,14,0x9AA94DB3,Lose,false,138.366674,4151,1838.6061,45,28,73,0,4000,3600,3600,42,8,26,5.021684
A_real_s1,A_real_s1 · 真实开局（弩车2+长矛+冰+重骑，3×3 满格）,level_1_1,1,9,15,0xD0F1F3BC,Win,false,78.100004,2343,114.8761,45,71,116,3362,4000,0,3600,13,8,46,4.451365
A_real_s1,A_real_s1 · 真实开局（弩车2+长矛+冰+重骑，3×3 满格）,level_1_1,1,9,16,0x3E469B1F,Win,false,77.000004,2310,105.375,45,72,117,4000,4000,0,3600,8,8,47,5.738367
A_real_s1,A_real_s1 · 真实开局（弩车2+长矛+冰+重骑，3×3 满格）,level_1_1,1,9,17,0x4984BC2D,Win,false,77.366671,2321,89.11,45,72,117,4000,4000,0,3600,7,8,47,5.704723
A_real_s1,A_real_s1 · 真实开局（弩车2+长矛+冰+重骑，3×3 满格）,level_1_1,1,9,18,0x1E2F168D,Win,false,76.333337,2290,101.0472,45,70,115,3478,4000,0,3600,9,8,45,5.845684
A_real_s1,A_real_s1 · 真实开局（弩车2+长矛+冰+重骑，3×3 满格）,level_1_1,1,9,19,0x6327D6B2,Win,false,77.033337,2311,104.2288,45,72,117,4000,4000,0,3600,8,8,47,5.740366
A_real_s1,A_real_s1 · 真实开局（弩车2+长矛+冰+重骑，3×3 满格）,level_1_1,1,9,20,0xA7CA930A,Win,false,76.766671,2303,81.8441,45,71,116,3826,4000,0,3600,8,8,46,5.413448
A_real_s1,A_real_s1 · 真实开局（弩车2+长矛+冰+重骑，3×3 满格）,level_1_1,1,9,21,0x40DE923F,Win,false,77.633337,2329,80.5603,45,72,117,4000,4000,0,3600,7,8,47,5.574387
A_real_s1,A_real_s1 · 真实开局（弩车2+长矛+冰+重骑，3×3 满格）,level_1_1,1,9,22,0xC1BE5513,Win,false,76.300004,2289,84.8867,45,71,116,1506,4000,0,3600,7,8,46,4.635147
A_real_s1,A_real_s1 · 真实开局（弩车2+长矛+冰+重骑，3×3 满格）,level_1_1,1,9,23,0x689A233D,Win,false,77.000004,2310,145.5154,45,72,117,4000,4000,0,3600,10,8,47,5.948594
A_real_s1,A_real_s1 · 真实开局（弩车2+长矛+冰+重骑，3×3 满格）,level_1_1,1,9,24,0xB34F3D23,Win,false,80.766671,2423,92.4736,45,73,118,3188,4000,0,3600,9,8,48,5.893835
A_real_s1,A_real_s1 · 真实开局（弩车2+长矛+冰+重骑，3×3 满格）,level_1_1,1,9,25,0xC9859D96,Win,false,76.266671,2288,81.7666,45,71,116,3768,4000,0,3600,7,8,46,5.639516
A_real_s5,A_real_s5 · 真实积累 S5（11 单位 / 21 格 / 含弩车+冲车）,level_1_5,5,21,1,0x3CDB712D,Win,false,73.800004,2214,364.4058,45,113,158,3304,4000,0,3600,24,9,82,6.243172
A_real_s5,A_real_s5 · 真实积累 S5（11 单位 / 21 格 / 含弩车+冲车）,level_1_5,5,21,2,0x0D21F212,Lose,false,130.23334,3907,4014.8356,45,58,103,0,4000,3600,3600,85,9,52,4.551955
A_real_s5,A_real_s5 · 真实积累 S5（11 单位 / 21 格 / 含弩车+冲车）,level_1_5,5,21,3,0x5F16DFC3,None,true,160.000008,4800,3419.9509,45,94,139,166,4000,750,3600,55,9,82,6
A_real_s5,A_real_s5 · 真实积累 S5（11 单位 / 21 格 / 含弩车+冲车）,level_1_5,5,21,4,0x19314B34,None,true,160.000008,4800,3128.1001,45,100,145,401,4000,3600,3600,49,9,88,6.218908
A_real_s5,A_real_s5 · 真实积累 S5（11 单位 / 21 格 / 含弩车+冲车）,level_1_5,5,21,5,0x3AADB0FF,Win,false,74.066671,2222,914.9411,45,93,138,4000,4000,0,3600,32,9,66,6.127414
A_real_s5,A_real_s5 · 真实积累 S5（11 单位 / 21 格 / 含弩车+冲车）,level_1_5,5,21,6,0x1AF0C266,Lose,false,135.300007,4059,3104.7851,45,93,138,0,4000,3600,3600,56,9,81,5.336963
A_real_s5,A_real_s5 · 真实积累 S5（11 单位 / 21 格 / 含弩车+冲车）,level_1_5,5,21,7,0x553C6438,Lose,false,129.63334,3889,2605.7099,45,108,153,0,4000,2765,3600,45,9,92,6.320589
A_real_s5,A_real_s5 · 真实积累 S5（11 单位 / 21 格 / 含弩车+冲车）,level_1_5,5,21,8,0xEEDA1445,Win,false,81.333338,2440,1109.5886,45,99,144,4000,4000,0,3600,37,9,72,6.15609
A_real_s5,A_real_s5 · 真实积累 S5（11 单位 / 21 格 / 含弩车+冲车）,level_1_5,5,21,9,0x260EAFEC,Win,false,87.666671,2630,897.6023,45,122,167,4000,4000,0,3600,29,9,89,6
A_real_s5,A_real_s5 · 真实积累 S5（11 单位 / 21 格 / 含弩车+冲车）,level_1_5,5,21,10,0x8D9994B5,None,true,160.000008,4800,3836.951,45,95,140,169,4000,289,3600,54,9,83,6
A_real_s5,A_real_s5 · 真实积累 S5（11 单位 / 21 格 / 含弩车+冲车）,level_1_5,5,21,11,0x5EE20D72,Win,false,74.066671,2222,1215.2621,45,89,134,3420,4000,0,3600,41,9,60,6.8
A_real_s5,A_real_s5 · 真实积累 S5（11 单位 / 21 格 / 含弩车+冲车）,level_1_5,5,21,12,0xF6C41854,Win,false,76.566671,2297,824.9947,45,95,140,3594,4000,0,3600,34,9,66,6
A_real_s5,A_real_s5 · 真实积累 S5（11 单位 / 21 格 / 含弩车+冲车）,level_1_5,5,21,13,0xCC1AF4D3,None,true,160.000008,4800,3515.136,45,104,149,3481,4000,3600,3600,49,9,88,6.325754
A_real_s5,A_real_s5 · 真实积累 S5（11 单位 / 21 格 / 含弩车+冲车）,level_1_5,5,21,14,0xC29B6FF3,Win,false,73.966671,2219,820.8901,45,101,146,3188,4000,0,3600,26,9,70,5.132938
A_real_s5,A_real_s5 · 真实积累 S5（11 单位 / 21 格 / 含弩车+冲车）,level_1_5,5,21,15,0x43CE5061,Win,false,73.733337,2212,1053.2493,45,93,138,4000,4000,0,3600,34,9,66,6.053977
A_real_s5,A_real_s5 · 真实积累 S5（11 单位 / 21 格 / 含弩车+冲车）,level_1_5,5,21,16,0xB184A480,Win,false,73.833337,2215,816.6664,45,108,153,4000,4000,0,3600,27,9,79,6.826498
A_real_s5,A_real_s5 · 真实积累 S5（11 单位 / 21 格 / 含弩车+冲车）,level_1_5,5,21,17,0x8782774A,None,true,160.000008,4800,2898.1955,45,112,157,464,4000,3600,3600,43,9,94,6.286659
A_real_s5,A_real_s5 · 真实积累 S5（11 单位 / 21 格 / 含弩车+冲车）,level_1_5,5,21,18,0xE4012C1F,None,true,160.000008,4800,3274.9146,45,118,163,3085,4000,3600,3600,39,9,98,6.278668
A_real_s5,A_real_s5 · 真实积累 S5（11 单位 / 21 格 / 含弩车+冲车）,level_1_5,5,21,19,0xF1D7371E,None,true,160.000008,4800,5362.0419,45,77,122,2520,4000,3600,3600,66,9,71,6.259936
A_real_s5,A_real_s5 · 真实积累 S5（11 单位 / 21 格 / 含弩车+冲车）,level_1_5,5,21,20,0xF1AB6C04,Win,false,72.96667,2189,1010.2632,45,101,146,4000,4000,0,3600,31,9,70,6
A_real_s5,A_real_s5 · 真实积累 S5（11 单位 / 21 格 / 含弩车+冲车）,level_1_5,5,21,21,0x195FE031,Lose,false,111.700006,3351,2122.1268,45,75,120,0,4000,3600,3600,68,9,67,6.226864
A_real_s5,A_real_s5 · 真实积累 S5（11 单位 / 21 格 / 含弩车+冲车）,level_1_5,5,21,22,0x4E6FE13D,None,true,160.000008,4800,3295.5143,45,113,158,697,4000,3600,3600,42,9,95,6
A_real_s5,A_real_s5 · 真实积累 S5（11 单位 / 21 格 / 含弩车+冲车）,level_1_5,5,21,23,0xFB4B1B39,None,true,160.000008,4800,3563.7825,45,116,161,3345,4000,2911,3600,41,9,96,6
A_real_s5,A_real_s5 · 真实积累 S5（11 单位 / 21 格 / 含弩车+冲车）,level_1_5,5,21,24,0x9DA292CF,None,true,160.000008,4800,3433.6601,45,102,147,3645,4000,1959,3600,49,9,88,6.192039
A_real_s5,A_real_s5 · 真实积累 S5（11 单位 / 21 格 / 含弩车+冲车）,level_1_5,5,21,25,0x3099B372,Win,false,74.066671,2222,853.9283,45,102,147,3710,4000,0,3600,26,9,71,6
B_real_s1_nosiege,B_real_s1_nosiege · 真实开局·无器械（长矛+冰+重骑+弓）,level_1_1,1,9,1,0xD809F129,Lose,false,93.633338,2809,903.0566,45,17,62,0,4000,3600,3600,39,6.5,17,3.087548
B_real_s1_nosiege,B_real_s1_nosiege · 真实开局·无器械（长矛+冰+重骑+弓）,level_1_1,1,9,2,0x23B8E5DF,None,true,160.000008,4800,3102.9855,45,21,66,1720,4000,3600,3600,47,6.5,21,6.536597
B_real_s1_nosiege,B_real_s1_nosiege · 真实开局·无器械（长矛+冰+重骑+弓）,level_1_1,1,9,3,0xDF60519E,Lose,false,125.23334,3757,1465.3019,45,26,71,0,4000,3600,3600,42,6.5,26,5.960042
B_real_s1_nosiege,B_real_s1_nosiege · 真实开局·无器械（长矛+冰+重骑+弓）,level_1_1,1,9,4,0x7F2C9DD7,Lose,false,104.666672,3140,803.7992,45,26,71,0,4000,3600,3600,36,6.5,26,3.063384
B_real_s1_nosiege,B_real_s1_nosiege · 真实开局·无器械（长矛+冰+重骑+弓）,level_1_1,1,9,5,0x7E57781C,None,true,160.000008,4800,3150.3251,45,18,63,1307,4000,3600,3600,50,6.5,18,3.309723
B_real_s1_nosiege,B_real_s1_nosiege · 真实开局·无器械（长矛+冰+重骑+弓）,level_1_1,1,9,6,0xBBC2A676,Lose,false,80.733338,2422,531.1567,45,23,68,0,4000,3600,3600,26,6.5,23,2.997102
B_real_s1_nosiege,B_real_s1_nosiege · 真实开局·无器械（长矛+冰+重骑+弓）,level_1_1,1,9,7,0x0E8E2FF0,Lose,false,125.866673,3776,1853.4563,45,26,71,0,4000,3600,3600,42,6.5,26,3.0408
B_real_s1_nosiege,B_real_s1_nosiege · 真实开局·无器械（长矛+冰+重骑+弓）,level_1_1,1,9,8,0xA5790348,Lose,false,94.200005,2826,664.8524,45,26,71,0,4000,3600,3600,31,6.5,26,5.729994
B_real_s1_nosiege,B_real_s1_nosiege · 真实开局·无器械（长矛+冰+重骑+弓）,level_1_1,1,9,9,0x271879C0,Lose,false,132.000007,3960,2556.2987,45,21,66,0,4000,3600,3600,47,6.5,21,6.232584
B_real_s1_nosiege,B_real_s1_nosiege · 真实开局·无器械（长矛+冰+重骑+弓）,level_1_1,1,9,10,0x2C2DD7D0,None,true,160.000008,4800,3434.0546,45,20,65,765,4000,3600,3600,48,6.5,20,3.030851
B_real_s1_nosiege,B_real_s1_nosiege · 真实开局·无器械（长矛+冰+重骑+弓）,level_1_1,1,9,11,0x4C240BDB,Lose,false,107.833339,3235,1227.142,45,21,66,0,4000,3600,3600,44,6.5,21,3.035332
B_real_s1_nosiege,B_real_s1_nosiege · 真实开局·无器械（长矛+冰+重骑+弓）,level_1_1,1,9,12,0x66BEA3F4,Lose,false,94.266672,2828,887.6538,45,22,67,0,4000,3600,3600,35,6.5,22,3.031624
B_real_s1_nosiege,B_real_s1_nosiege · 真实开局·无器械（长矛+冰+重骑+弓）,level_1_1,1,9,13,0xEACF2814,None,true,160.000008,4800,2630.8628,45,24,69,281,4000,3600,3600,44,6.5,24,3.099273
B_real_s1_nosiege,B_real_s1_nosiege · 真实开局·无器械（长矛+冰+重骑+弓）,level_1_1,1,9,14,0xF67851B2,Lose,false,94.066672,2822,711.9995,45,23,68,0,4000,3600,3600,34,6.5,23,3.097763
B_real_s1_nosiege,B_real_s1_nosiege · 真实开局·无器械（长矛+冰+重骑+弓）,level_1_1,1,9,15,0x75839D35,Lose,false,81.633338,2449,333.8594,45,29,74,0,4000,3600,3600,20,6.5,29,3.207324
B_real_s1_nosiege,B_real_s1_nosiege · 真实开局·无器械（长矛+冰+重骑+弓）,level_1_1,1,9,16,0xC282FAC7,None,true,160.000008,4800,3581.2736,45,15,60,140,4000,3600,3600,53,6.5,15,3.402637
B_real_s1_nosiege,B_real_s1_nosiege · 真实开局·无器械（长矛+冰+重骑+弓）,level_1_1,1,9,17,0x2690D16A,None,true,160.000008,4800,2457.6612,45,29,74,2110,4000,3600,3600,39,6.5,29,3.097025
B_real_s1_nosiege,B_real_s1_nosiege · 真实开局·无器械（长矛+冰+重骑+弓）,level_1_1,1,9,18,0xAB0C69B4,None,true,160.000008,4800,2709.6135,45,26,71,2952,4000,3600,3600,42,6.5,26,2.923568
B_real_s1_nosiege,B_real_s1_nosiege · 真实开局·无器械（长矛+冰+重骑+弓）,level_1_1,1,9,19,0xE165AF89,Lose,false,158.366675,4751,2716.8834,45,27,72,0,4000,3600,3600,41,6.5,27,3.062065
B_real_s1_nosiege,B_real_s1_nosiege · 真实开局·无器械（长矛+冰+重骑+弓）,level_1_1,1,9,20,0xC6001DA3,Lose,false,95.600005,2868,1419.3294,45,18,63,0,4000,3600,3600,39,6.5,18,3.09427
B_real_s1_nosiege,B_real_s1_nosiege · 真实开局·无器械（长矛+冰+重骑+弓）,level_1_1,1,9,21,0x7337F059,Lose,false,94.766672,2843,1106.303,45,24,69,0,4000,3600,3600,33,6.5,24,3.134042
B_real_s1_nosiege,B_real_s1_nosiege · 真实开局·无器械（长矛+冰+重骑+弓）,level_1_1,1,9,22,0x2AAE4E27,Lose,false,93.166672,2795,686.9528,45,27,72,0,4000,3600,3600,28,6.5,27,3.086614
B_real_s1_nosiege,B_real_s1_nosiege · 真实开局·无器械（长矛+冰+重骑+弓）,level_1_1,1,9,23,0x8E312DD2,Lose,false,93.133338,2794,828.5629,45,21,66,0,4000,3600,3600,34,6.5,21,3.099969
B_real_s1_nosiege,B_real_s1_nosiege · 真实开局·无器械（长矛+冰+重骑+弓）,level_1_1,1,9,24,0xDAEC3AF7,None,true,160.000008,4800,4097.8359,45,21,66,2067,4000,3600,3600,47,6.5,21,2.902555
B_real_s1_nosiege,B_real_s1_nosiege · 真实开局·无器械（长矛+冰+重骑+弓）,level_1_1,1,9,25,0xEBEC71EE,Lose,false,73.600004,2208,724.7197,45,21,66,0,4000,3600,3600,24,6.5,21,5.774424
B_real_s5_nosiege,B_real_s5_nosiege · 真实积累 S5·无器械（12 单位 / 21 格）,level_1_5,5,21,1,0xDFE1E3C6,None,true,160.000008,4800,5874.5803,45,47,92,1915,4000,3600,3600,90,6.5,47,3.351393
B_real_s5_nosiege,B_real_s5_nosiege · 真实积累 S5·无器械（12 单位 / 21 格）,level_1_5,5,21,2,0x90B3134A,None,true,160.000008,4800,7576.4561,45,34,79,2420,4000,3600,3600,103,6.5,34,3.383943
B_real_s5_nosiege,B_real_s5_nosiege · 真实积累 S5·无器械（12 单位 / 21 格）,level_1_5,5,21,3,0xA99F6EC7,Lose,false,100.700005,3021,3000.6257,45,45,90,0,4000,3600,3600,78,6.5,45,4.101258
B_real_s5_nosiege,B_real_s5_nosiege · 真实积累 S5·无器械（12 单位 / 21 格）,level_1_5,5,21,4,0xCCB23064,Lose,false,133.43334,4003,4954.9027,45,39,84,0,4000,3600,3600,98,6.5,39,3.765783
B_real_s5_nosiege,B_real_s5_nosiege · 真实积累 S5·无器械（12 单位 / 21 格）,level_1_5,5,21,5,0xDD60525B,Lose,false,128.93334,3868,4307.0373,45,44,89,0,4000,3600,3600,93,6.5,44,4.301873
B_real_s5_nosiege,B_real_s5_nosiege · 真实积累 S5·无器械（12 单位 / 21 格）,level_1_5,5,21,6,0x3240600E,None,true,160.000008,4800,6359.0378,45,51,96,2355,4000,3600,3600,86,6.5,51,3.868112
B_real_s5_nosiege,B_real_s5_nosiege · 真实积累 S5·无器械（12 单位 / 21 格）,level_1_5,5,21,7,0xF6765AEE,None,true,160.000008,4800,7845.1681,45,43,88,472,4000,3600,3600,94,6.5,43,4.291874
B_real_s5_nosiege,B_real_s5_nosiege · 真实积累 S5·无器械（12 单位 / 21 格）,level_1_5,5,21,8,0x985B0B1B,Lose,false,125.53334,3766,4506.8592,45,39,84,0,4000,3600,3600,98,6.5,39,4.432202
B_real_s5_nosiege,B_real_s5_nosiege · 真实积累 S5·无器械（12 单位 / 21 格）,level_1_5,5,21,9,0xDE3AE767,Lose,false,126.166673,3785,4168.7149,45,48,93,0,4000,3600,3600,89,6.5,48,4.273746
B_real_s5_nosiege,B_real_s5_nosiege · 真实积累 S5·无器械（12 单位 / 21 格）,level_1_5,5,21,10,0xD81E878C,Lose,false,84.300004,2529,1716.374,45,44,89,0,4000,3600,3600,59,6.5,44,4.376383
B_real_s5_nosiege,B_real_s5_nosiege · 真实积累 S5·无器械（12 单位 / 21 格）,level_1_5,5,21,11,0x150F7C9B,None,true,160.000008,4800,8133.105,45,41,86,2814,4000,3600,3600,96,6.5,41,3.713923
B_real_s5_nosiege,B_real_s5_nosiege · 真实积累 S5·无器械（12 单位 / 21 格）,level_1_5,5,21,12,0xA9105B75,None,true,160.000008,4800,5179.0127,45,41,86,792,4000,3600,3600,96,6.5,41,4.538822
B_real_s5_nosiege,B_real_s5_nosiege · 真实积累 S5·无器械（12 单位 / 21 格）,level_1_5,5,21,13,0xEDABE30A,Lose,false,88.700005,2661,1687.8476,45,35,80,0,4000,3600,3600,75,6.5,35,2.991813
B_real_s5_nosiege,B_real_s5_nosiege · 真实积累 S5·无器械（12 单位 / 21 格）,level_1_5,5,21,14,0xA897960F,Lose,false,126.73334,3802,2950.1957,45,36,81,0,4000,3600,3600,101,6.5,36,3.031244
B_real_s5_nosiege,B_real_s5_nosiege · 真实积累 S5·无器械（12 单位 / 21 格）,level_1_5,5,21,15,0x109D3FA4,Lose,false,119.63334,3589,2220.6171,45,38,83,0,4000,3600,3600,99,6.5,38,3.580089
B_real_s5_nosiege,B_real_s5_nosiege · 真实积累 S5·无器械（12 单位 / 21 格）,level_1_5,5,21,16,0x5A556610,None,true,160.000008,4800,2923.6928,45,47,92,2940,4000,3600,3600,90,6.5,47,4.272274
B_real_s5_nosiege,B_real_s5_nosiege · 真实积累 S5·无器械（12 单位 / 21 格）,level_1_5,5,21,17,0x2474B63B,Lose,false,89.600005,2688,1287.7318,45,28,73,0,4000,3600,3600,82,6.5,28,5.735273
B_real_s5_nosiege,B_real_s5_nosiege · 真实积累 S5·无器械（12 单位 / 21 格）,level_1_5,5,21,18,0xE4C26322,None,true,160.000008,4800,2974.5154,45,46,91,481,4000,3600,3600,91,6.5,46,3.378676
B_real_s5_nosiege,B_real_s5_nosiege · 真实积累 S5·无器械（12 单位 / 21 格）,level_1_5,5,21,19,0xBC689951,Lose,false,128.266673,3848,1811.0634,45,52,97,0,4000,3600,3600,85,6.5,52,3.894717
B_real_s5_nosiege,B_real_s5_nosiege · 真实积累 S5·无器械（12 单位 / 21 格）,level_1_5,5,21,20,0x471F30F0,None,true,160.000008,4800,4366.8282,45,24,69,3365,4000,3600,3600,113,6.5,24,3.24023
B_real_s5_nosiege,B_real_s5_nosiege · 真实积累 S5·无器械（12 单位 / 21 格）,level_1_5,5,21,21,0x812D6E70,Lose,false,114.700006,3441,1665.7907,45,44,89,0,4000,3600,3600,93,6.5,44,3.095082
B_real_s5_nosiege,B_real_s5_nosiege · 真实积累 S5·无器械（12 单位 / 21 格）,level_1_5,5,21,22,0xB08C7821,None,true,160.000008,4800,2967.5884,45,49,94,1785,4000,3600,3600,88,6.5,49,6.459713
B_real_s5_nosiege,B_real_s5_nosiege · 真实积累 S5·无器械（12 单位 / 21 格）,level_1_5,5,21,23,0xCE80BB45,None,true,160.000008,4800,2594.0355,45,55,100,2940,4000,3600,3600,82,6.5,55,6.028227
B_real_s5_nosiege,B_real_s5_nosiege · 真实积累 S5·无器械（12 单位 / 21 格）,level_1_5,5,21,24,0xE4E68191,None,true,160.000008,4800,6550.5945,45,39,84,2149,4000,3600,3600,98,6.5,39,3.647288
B_real_s5_nosiege,B_real_s5_nosiege · 真实积累 S5·无器械（12 单位 / 21 格）,level_1_5,5,21,25,0xAE43C49B,Lose,false,116.700006,3501,2722.8341,45,43,88,0,4000,3600,3600,94,6.5,43,3.513644
