wave_set_id,phase,first_wave,last_wave,unarmored,light,heavy,building,other,non_boss_total,total,unarmored_rate,light_rate,heavy_rate,building_rate,heavy_at_least_15_percent
main_20,W01-W06,1,6,4,2,0,0,0,6,6,0.666667,0.333333,0,0,false
main_20,W07-W12,7,12,3,2,1,0,0,6,6,0.5,0.333333,0.166667,0,true
main_20,W13-W19,13,19,4,2,2,0,0,8,8,0.5,0.25,0.25,0,true
main_20,W01-W19,1,19,11,6,3,0,0,20,20,0.55,0.3,0.15,0,true
main_20,W20,20,20,0,0,0,1,0,0,1,0,0,0,1,false
main_20_stage_5,W01-W06,1,6,4,2,0,0,0,6,6,0.666667,0.333333,0,0,false
main_20_stage_5,W07-W12,7,12,3,2,1,0,0,6,6,0.5,0.333333,0.166667,0,true
main_20_stage_5,W13-W19,13,19,5,2,3,0,0,10,10,0.5,0.2,0.3,0,true
main_20_stage_5,W01-W19,1,19,12,6,4,0,0,22,22,0.545455,0.272727,0.181818,0,true
main_20_stage_5,W20,20,20,0,0,0,1,0,0,1,0,0,0,1,false
